kitap_id;yazar_id;kitap_tur_id;dil_id;sayfa_sayisi;yayin_tarihi;satis_adedi;satis_tutari
1;163;1;1;512;2019-08-15;2207;30765.58
2;20;2;2;272;2006-07-20;5412;81937.68
3;39;3;3;123;2009-07-13;10855;134493.45
4;165;4;4;255;2018-10-30;9349;364424.02
5;129;5;5;578;2004-10-28;8232;49721.28
6;226;6;4;648;2000-05-11;9194;219276.9
7;219;6;6;148;2005-08-02;11651;110684.5
8;113;7;4;191;2001-11-09;2593;53156.5
9;118;8;4;592;2011-11-05;8445;68995.65
10;121;6;6;545;2012-12-17;2437;58488
11;69;9;4;230;2019-03-01;8540;385666.4
12;46;10;4;483;2006-06-13;3816;211101.12
13;190;11;2;158;2002-02-15;8907;261598.59
14;184;12;4;214;2002-11-09;2408;43030.96
15;46;8;7;418;2004-08-12;11619;373899.42
16;217;13;8;541;2006-08-08;7043;268408.73
17;31;4;3;364;2015-10-30;9170;156990.4
18;204;14;2;444;2013-06-18;10731;231574.98
19;210;11;5;525;2018-02-06;1049;43019.49
20;63;15;6;244;2016-10-29;6713;266976.01
21;135;6;6;295;2003-10-28;4993;172608.01
22;88;3;9;138;2006-05-12;3733;138830.27
23;198;13;3;223;2011-11-12;6931;127391.78
24;218;16;2;578;2006-01-25;11140;576049.4
25;151;2;4;249;2001-06-03;5587;266164.68
26;203;9;6;577;2015-06-01;5920;105612.8
27;12;17;6;625;2013-10-05;11117;490370.87
28;212;18;4;222;2003-08-01;6275;295301.5
29;13;19;4;171;2012-02-14;7120;74404
30;36;6;7;176;2016-02-26;9110;455226.7
31;133;5;4;179;2014-09-05;4594;204478.94
32;55;20;4;542;2011-06-19;7258;170054.94
33;51;21;4;554;2001-09-27;8226;415495.26
34;24;3;4;263;2005-12-21;983;55323.24
35;177;17;4;354;2014-10-27;1043;15467.69
36;124;16;10;503;2019-12-08;1004;44607.72
37;153;11;6;548;2005-02-01;777;20808.06
38;95;17;6;333;2017-01-13;6227;326606.15
39;82;9;6;202;2014-09-18;11021;339557.01
40;154;7;11;572;2005-07-04;969;48479.07
41;124;19;4;371;2010-02-22;8289;436913.19
42;235;8;4;539;2006-12-17;2487;92392.05
43;99;21;7;402;2003-03-21;5981;55264.44
44;37;6;1;410;2011-02-27;9100;386932
45;141;7;11;498;2011-09-19;7026;114875.1
46;60;22;4;440;2002-03-07;578;18559.58
47;21;10;6;418;2002-07-25;749;12201.21
48;138;7;6;621;2006-10-25;3413;96929.2
49;125;20;6;496;2019-10-19;10849;474860.73
50;63;23;6;101;2007-10-08;10154;103469.26
51;26;5;7;405;2018-02-08;5730;73229.4
52;16;17;6;562;2009-09-05;6401;55368.65
53;235;6;4;302;2009-01-21;3074;54133.14
54;190;2;4;441;2003-02-23;6978;284353.5
55;17;13;6;182;2007-07-18;7582;119113.22
56;167;14;8;254;2016-04-24;1244;53118.8
57;186;12;11;229;2005-07-25;8340;470292.6
58;193;16;1;209;2000-10-09;3803;78646.04
59;188;22;4;273;2000-04-05;1869;56051.31
60;226;14;4;627;2004-05-07;6490;40367.8
61;185;3;11;588;2016-08-10;1377;40965.75
62;192;19;10;137;2005-09-08;7403;391248.55
63;188;13;4;568;2002-03-25;11062;228098.44
64;217;6;6;390;2015-05-08;5096;146408.08
65;147;24;7;542;2001-09-30;6554;177613.4
66;174;25;4;250;2010-05-27;1832;102335.52
67;156;23;4;249;2010-09-25;2281;109898.58
68;202;26;4;249;2006-03-18;6544;293891.04
69;215;17;12;622;2017-08-24;8227;458079.36
70;186;10;2;619;2009-12-22;9600;91584
71;208;14;4;291;2014-11-22;6392;360508.8
72;169;26;2;436;2016-08-08;6752;120050.56
73;10;1;4;603;2005-11-06;11261;227697.42
74;13;3;7;435;2002-04-27;11499;620716.02
75;157;18;2;524;2011-10-31;4304;93138.56
76;191;20;10;517;2012-02-03;4159;137413.36
77;211;1;4;475;2006-08-06;8393;168447.51
78;17;10;4;342;2013-03-01;1285;25931.3
79;155;23;6;300;2001-11-13;9935;103423.35
80;215;3;6;184;2012-06-14;148;6162.72
81;49;12;11;294;2018-11-02;6029;255086.99
82;103;5;4;477;2004-10-04;3944;74620.48
83;214;27;6;257;2004-07-16;4176;187335.36
84;35;10;4;558;2000-11-21;8544;400030.08
85;73;6;1;296;2006-07-02;6127;81305.29
86;61;27;4;638;2013-02-19;7519;168124.84
87;153;21;6;465;2018-03-31;4070;75417.1
88;218;3;4;335;2004-08-12;6987;214989.99
89;79;28;4;303;2018-06-29;8299;280091.25
90;25;28;1;228;2017-11-16;2616;46721.76
91;120;14;3;444;2007-08-01;5061;273294
92;236;4;4;180;2013-08-22;2240;96678.4
93;216;6;4;596;2005-10-29;4955;43009.4
94;164;28;4;398;2001-11-07;11696;281756.64
95;111;27;6;567;2009-11-03;2219;77287.77
96;95;7;4;298;2018-11-24;9833;420655.74
97;29;17;4;584;2003-06-30;9503;183027.78
98;79;4;4;201;2013-12-20;9423;385400.7
99;144;12;4;309;2005-12-27;4882;111651.34
100;41;16;4;395;2008-11-08;5203;97504.22
101;142;24;11;487;2006-11-16;11510;289476.5
102;82;8;6;316;2005-09-20;11699;570209.26
103;19;2;4;295;2003-03-30;3071;70325.9
104;82;22;4;307;2013-09-19;1723;50501.13
105;167;28;4;148;2003-10-04;7903;324655.24
106;101;19;9;402;2005-12-20;3313;175688.39
107;36;14;4;509;2006-09-18;4274;165403.8
108;142;1;4;505;2010-04-04;10976;435966.72
109;25;7;4;188;2008-12-29;1055;57993.35
110;73;16;9;551;2013-01-04;4562;137088.1
111;200;15;4;633;2010-06-24;6285;202125.6
112;42;21;4;568;2009-04-06;2170;28600.6
113;148;22;6;583;2015-03-17;8747;170741.44
114;206;25;12;365;2016-02-21;6596;223604.4
115;180;29;2;393;2002-04-09;2846;115035.32
116;88;1;4;149;2007-03-10;5193;184455.36
117;75;28;6;479;2011-10-20;6360;64935.6
118;147;24;4;305;2005-07-09;1994;33120.34
119;126;1;4;467;2009-05-05;6620;375023
120;236;18;12;418;2002-02-02;3908;190085.12
121;104;20;4;276;2012-10-03;3593;51846.99
122;157;8;4;420;2016-07-02;9847;422140.89
123;151;22;4;411;2018-09-28;8559;393799.59
124;91;27;4;564;2001-10-11;1866;102536.7
125;208;25;6;220;2013-11-15;9808;529043.52
126;63;5;8;534;2012-02-05;9210;382030.8
127;96;15;7;391;2001-01-23;4311;165326.85
128;56;6;8;106;2016-07-02;4257;206975.34
129;82;15;4;326;2012-07-15;4909;252224.42
130;223;9;4;345;2017-12-28;4502;57850.7
131;120;8;6;638;2013-07-31;5052;56683.44
132;19;20;4;239;2014-03-01;8438;218797.34
133;36;24;4;550;2007-01-01;3028;82240.48
134;178;26;4;395;2004-07-08;5086;45011.1
135;6;16;4;533;2015-08-30;10164;317320.08
136;238;29;4;200;2017-05-23;7884;184012.56
137;74;18;4;352;2011-07-15;8287;121570.29
138;32;21;8;239;2018-08-27;11469;363108.54
139;68;27;4;283;2011-09-10;8891;67215.96
140;134;20;7;158;2014-07-01;326;17868.06
141;219;7;4;350;2008-12-27;11935;506521.4
142;228;23;3;245;2007-06-25;4515;197124.9
143;55;23;7;437;2012-05-27;5507;189881.36
144;77;3;6;500;2010-11-28;1005;9045
145;173;30;6;563;2002-09-24;11784;262665.36
146;84;6;4;574;2001-08-15;7264;330221.44
147;85;27;4;465;2017-06-09;9077;339389.03
148;145;14;3;456;2009-03-12;6516;268198.56
149;43;16;5;376;2014-08-03;436;6596.68
150;143;4;3;276;2019-02-18;3468;37558.44
151;69;9;6;525;2004-08-14;4205;137797.85
152;22;19;4;398;2018-03-19;10852;60988.24
153;87;15;11;470;2009-07-30;8341;304529.91
154;218;27;11;102;2013-07-20;2509;129012.78
155;91;13;4;136;2012-04-28;10369;447007.59
156;25;9;6;224;2006-10-31;11669;393945.44
157;220;12;4;592;2000-07-11;1608;21820.56
158;131;9;12;593;2015-01-26;10246;73361.36
159;212;26;4;213;2011-06-27;4355;231773.1
160;11;1;6;137;2010-08-01;7901;413380.32
161;207;20;4;549;2001-09-05;917;39999.54
162;12;30;3;194;2009-03-03;5390;157980.9
163;143;2;4;647;2012-06-16;7265;110428
164;130;10;1;508;2000-07-31;4418;169341.94
165;203;24;4;301;2014-04-12;10497;66655.95
166;56;9;4;513;2009-03-19;624;16604.64
167;158;26;4;242;2005-05-11;6498;305146.08
168;197;13;4;375;2008-02-24;6814;103640.94
169;22;21;10;383;2006-08-23;10920;463881.6
170;125;23;4;445;2006-02-21;10075;171174.25
171;224;7;3;464;2000-03-30;4709;35317.5
172;177;7;4;123;2013-06-03;11950;431395
173;142;2;2;356;2017-02-18;2855;102580.15
174;235;24;4;445;2012-12-04;6681;52178.61
175;196;22;6;595;2014-01-31;8643;289281.21
176;95;29;10;563;2010-09-18;9926;93502.92
177;154;18;12;172;2012-01-24;10885;598783.85
178;173;3;4;224;2001-12-30;4792;129719.44
179;219;15;3;234;2014-10-09;869;34351.57
180;160;26;1;384;2004-03-12;8380;323635.6
181;184;12;8;165;2018-04-28;1842;24259.14
182;131;3;4;157;2016-01-26;7066;115741.08
183;231;12;2;456;2000-10-17;9430;258570.6
184;10;28;4;275;2012-01-24;10409;289162.02
185;179;5;4;452;2006-11-10;11190;618918.9
186;227;24;1;191;2006-12-29;11996;315614.76
187;112;3;5;464;2002-01-02;11691;173962.08
188;3;30;4;477;2003-07-08;10640;286748
189;186;26;6;452;2004-06-25;5446;101676.82
190;205;27;4;172;2005-01-16;1706;59624.7
191;116;6;5;142;2004-03-11;11673;551199.06
192;222;3;1;348;2019-06-05;6234;288447.18
193;37;8;4;107;2002-07-06;6311;191601.96
194;187;11;4;518;2015-12-01;5728;185415.36
195;42;30;6;551;2000-12-31;9154;220428.32
196;111;30;4;141;2008-09-11;2077;47293.29
197;30;28;6;292;2001-11-02;2544;41848.8
198;133;27;4;411;2019-04-29;2137;28764.02
199;185;29;4;564;2010-12-09;8070;403257.9
200;235;7;4;401;2004-10-24;668;29151.52
201;165;8;4;339;2018-11-14;6418;213783.58
202;219;19;4;152;2009-08-11;11078;120750.2
203;231;22;1;171;2004-09-18;5122;96549.7
204;165;26;5;622;2008-01-11;7484;347107.92
205;43;11;10;176;2014-08-18;11861;508836.9
206;14;9;4;352;2009-06-03;4451;162951.11
207;67;21;4;553;2001-04-06;5430;167189.7
208;32;24;10;321;2018-03-28;817;31233.91
209;206;29;4;129;2003-09-29;5804;325198.12
210;218;12;4;450;2009-07-04;9423;114489.45
211;152;2;4;210;2017-05-09;6055;238143.15
212;128;24;7;263;2000-09-14;2174;122983.18
213;5;4;10;625;2005-01-23;1837;28418.39
214;173;6;11;366;2005-10-19;9104;272118.56
215;56;15;4;358;2007-06-17;2551;15203.96
216;5;1;10;604;2013-01-25;4662;172400.76
217;4;17;7;394;2019-06-15;795;28039.65
218;8;8;4;142;2019-04-11;4542;168144.84
219;225;21;1;272;2012-07-16;8944;258302.72
220;34;6;4;562;2014-01-29;7915;189405.95
221;226;7;9;350;2015-06-27;3135;49909.2
222;211;24;8;499;2018-03-26;6790;44202.9
223;20;1;4;287;2006-06-26;7992;445633.92
224;143;4;4;247;2019-09-10;8621;487431.34
225;236;18;8;166;2001-04-19;4125;222585
226;143;19;4;399;2006-06-05;6793;245906.6
227;240;11;8;307;2009-06-13;1222;40558.18
228;22;4;2;617;2007-05-07;3606;84236.16
229;104;27;4;286;2014-12-05;3046;149589.06
230;144;7;7;236;2005-10-30;11393;434301.16
231;176;2;6;541;2010-12-27;7158;399989.04
232;73;17;1;284;2007-12-26;6418;279568.08
233;51;2;4;352;2011-08-09;1305;72049.05
234;24;28;8;422;2017-03-28;11689;356046.94
235;92;19;6;644;2000-03-07;2802;79380.66
236;132;1;4;631;2003-11-26;8890;492594.9
237;2;9;6;254;2015-09-10;8900;113119
238;63;8;4;318;2015-11-19;3842;119870.4
239;9;15;3;130;2007-09-22;9088;177761.28
240;1;19;4;432;2005-02-22;4042;126716.7
241;109;21;4;578;2001-01-14;4166;44784.5
242;59;24;2;615;2007-01-12;2540;57835.8
243;188;26;6;547;2019-12-09;10483;150955.2
244;92;10;12;200;2010-04-10;2053;31883.09
245;75;22;4;401;2009-02-20;191;2870.73
246;7;20;4;276;2002-04-28;85;832.15
247;75;22;6;591;2011-08-24;6766;382279
248;125;23;6;301;2001-05-03;1270;17208.5
249;213;28;4;207;2006-03-01;9387;405518.4
250;61;8;1;584;2013-07-19;5819;47948.56
251;114;15;11;523;2007-03-03;3182;103160.44
252;169;12;4;122;2004-04-13;4028;78505.72
253;219;1;4;134;2013-04-22;4500;118305
254;121;7;4;399;2017-11-17;10099;69178.15
255;166;26;6;506;2007-04-25;3772;205460.84
256;59;6;4;515;2014-05-06;6117;37313.7
257;79;12;8;616;2012-10-31;3189;59028.39
258;154;11;6;424;2007-07-14;2283;28035.24
259;58;1;4;281;2010-06-14;896;8413.44
260;37;23;8;518;2012-09-30;8847;405458.01
261;7;10;4;553;2011-06-09;5701;212647.3
262;17;8;4;202;2012-05-29;2394;64183.14
263;34;3;4;184;2004-10-23;5478;157930.74
264;156;14;9;366;2002-10-29;4256;92525.44
265;28;18;6;583;2001-05-31;3085;56640.6
266;220;16;4;206;2000-09-21;360;17334
267;129;5;1;301;2014-05-16;3720;187376.4
268;92;9;4;238;2007-01-22;5319;91912.32
269;95;9;5;160;2011-10-07;5818;97975.12
270;61;10;4;131;2018-08-06;11686;108562.94
271;89;17;4;276;2015-05-22;914;40453.64
272;73;3;4;212;2011-08-09;9626;170283.94
273;206;16;4;100;2001-12-26;3470;100734.1
274;13;8;6;613;2014-02-04;10296;250398.72
275;31;15;1;636;2011-07-14;5093;31321.95
276;219;15;4;440;2001-07-03;8978;371240.3
277;151;22;4;309;2001-01-03;6390;75849.3
278;72;1;4;355;2015-07-22;7249;83363.5
279;205;3;4;578;2011-12-18;1645;54564.65
280;218;19;4;313;2008-03-21;6284;243316.48
281;173;10;4;249;2012-02-12;632;20116.56
282;117;16;6;325;2008-03-30;7521;372815.97
283;18;15;4;407;2019-09-13;10277;412210.47
284;214;1;12;164;2012-03-01;8390;383758.6
285;159;4;6;361;2013-09-28;9691;238204.78
286;58;14;4;520;2019-07-12;11471;170688.48
287;20;11;4;223;2010-04-16;8885;84052.1
288;73;23;6;150;2001-03-23;3703;209700.89
289;162;1;6;583;2005-11-02;7316;281446.52
290;167;5;1;448;2001-11-17;1683;9828.72
291;181;26;6;304;2008-12-22;3892;94925.88
292;136;13;4;344;2000-07-28;11056;388397.28
293;141;7;11;618;2012-08-21;8617;245584.5
294;66;21;4;188;2017-10-22;3821;119329.83
295;222;21;6;262;2009-10-16;7184;75719.36
296;159;14;6;212;2009-04-30;9423;189213.84
297;144;7;6;505;2016-09-22;1008;15069.6
298;216;19;4;536;2011-02-05;1539;50309.91
299;84;13;11;125;2003-06-14;9445;142241.7
300;10;5;6;184;2000-02-06;1068;8159.52
301;95;19;8;225;2004-08-16;4283;155815.54
302;132;6;8;397;2018-06-11;4432;190576
303;210;6;4;424;2007-03-06;425;17913.75
304;72;26;7;288;2011-10-17;3628;179513.44
305;193;15;11;548;2015-06-16;9893;133951.22
306;64;29;8;298;2000-07-19;11589;618968.49
307;215;15;8;534;2008-01-10;8509;199536.05
308;230;15;4;408;2014-12-04;9536;325654.4
309;134;26;11;493;2009-10-31;1324;53277.76
310;48;4;11;415;2011-05-29;1755;36855
311;129;11;4;496;2018-04-24;371;18490.64
312;10;24;7;172;2000-02-24;8817;68155.41
313;237;8;4;290;2009-03-13;1787;64403.48
314;200;3;4;413;2007-12-15;6297;110512.35
315;124;30;4;589;2002-06-22;1339;29391.05
316;90;9;4;518;2000-10-15;59;355.77
317;189;2;6;278;2004-10-31;427;21768.46
318;162;1;4;119;2009-10-24;1029;36899.94
319;31;9;7;526;2011-11-09;11248;102019.36
320;58;10;4;401;2003-07-31;6660;73859.4
321;153;3;3;179;2018-03-18;10539;447907.5
322;108;25;4;592;2015-12-01;7253;165658.52
323;234;14;12;209;2003-06-28;9280;78787.2
324;129;4;4;258;2010-09-14;4065;191624.1
325;238;13;12;125;2013-01-19;10430;368179
326;21;5;4;381;2012-03-10;513;15743.97
327;14;19;4;189;2007-06-21;10743;228073.89
328;234;10;4;229;2007-05-11;2078;24998.34
329;89;14;6;374;2000-03-16;1985;102207.65
330;25;8;5;112;2018-05-31;9038;65887.02
331;73;4;6;420;2002-03-10;6852;235982.88
332;124;14;4;256;2013-12-27;4359;83256.9
333;60;24;1;540;2000-06-18;9707;261700.72
334;29;3;10;211;2002-09-08;8178;242968.38
335;24;21;4;454;2012-06-25;1499;18752.49
336;184;3;6;524;2017-02-08;124;5277.44
337;229;11;4;455;2017-05-22;1859;29502.33
338;205;7;4;628;2001-02-19;7154;368860.24
339;136;2;4;313;2003-12-20;9887;58432.17
340;162;7;3;396;2018-11-16;8776;339104.64
341;112;24;4;540;2018-08-11;10259;178916.96
342;156;15;2;596;2019-04-09;5756;265927.2
343;73;2;4;114;2007-09-30;4724;34154.52
344;205;19;4;215;2018-03-10;2996;93325.4
345;160;12;4;105;2006-12-02;7041;191374.38
346;159;23;6;196;2007-07-26;123;2757.66
347;65;30;6;250;2019-10-03;174;5677.62
348;90;24;6;451;2014-07-21;10177;568894.3
349;164;16;4;123;2019-08-19;6470;37461.3
350;183;28;2;319;2018-10-05;4808;174818.88
351;29;9;4;311;2002-05-14;4878;213607.62
352;227;10;3;356;2000-06-23;5046;34666.02
353;30;25;11;641;2007-05-17;7349;414116.15
354;44;17;4;170;2001-09-18;9789;65879.97
355;132;25;10;489;2011-06-14;8876;417260.76
356;28;1;3;381;2004-06-20;5869;80933.51
357;229;5;6;106;2016-04-06;1726;28703.38
358;106;26;4;514;2019-07-24;97;4529.9
359;100;30;8;320;2001-02-10;7473;115457.85
360;177;17;4;113;2008-02-17;4106;62205.9
361;150;7;4;534;2019-08-02;10590;355824
362;238;15;4;289;2013-07-07;8841;277784.22
363;7;13;4;554;2004-07-18;2621;115376.42
364;234;12;4;362;2012-12-05;4691;122669.65
365;82;13;4;404;2006-06-28;7002;314249.76
366;6;15;4;324;2004-06-06;7333;262594.73
367;33;12;9;393;2004-04-21;436;3919.64
368;7;2;12;628;2007-06-29;4768;38716.16
369;205;16;4;344;2004-07-12;7072;249288
370;189;1;11;422;2009-04-02;7886;351005.86
371;77;12;2;189;2019-09-16;2893;22189.31
372;53;8;4;431;2005-01-08;10499;188352.06
373;204;6;4;451;2006-01-19;2521;58764.51
374;63;12;5;301;2006-04-19;7413;393556.17
375;121;5;5;325;2014-07-17;10200;481644
376;140;21;4;630;2014-02-06;6146;267658.3
377;169;14;4;399;2009-03-08;10046;180124.78
378;38;24;10;305;2017-01-13;3753;175190.04
379;66;14;4;405;2003-06-10;9265;450371.65
380;222;1;4;498;2017-07-02;3663;57692.25
381;54;19;4;438;2019-07-23;10701;357199.38
382;111;2;6;481;2016-11-22;11608;159610
383;78;25;4;299;2004-06-24;4175;86631.25
384;110;16;4;536;2010-06-20;10506;479073.6
385;87;19;6;571;2016-09-25;11310;147143.1
386;237;6;7;467;2006-11-06;397;11104.09
387;189;21;2;285;2007-10-04;2600;87828
388;107;22;4;122;2006-11-22;10588;312451.88
389;46;6;7;502;2019-06-20;10763;554402.13
390;38;10;4;284;2017-09-01;10455;464097.45
391;162;24;10;456;2001-02-15;10741;561002.43
392;179;29;12;303;2003-08-19;8450;234994.5
393;49;19;8;582;2012-12-03;6591;188963.97
394;33;28;4;109;2006-12-10;11809;271843.18
395;55;30;1;191;2011-12-13;3692;75907.52
396;163;1;7;194;2016-11-06;3861;182702.52
397;112;10;3;212;2008-10-28;7593;157402.89
398;183;21;7;109;2000-08-13;6872;280102.72
399;89;25;3;538;2008-05-07;7454;239869.72
400;216;30;3;496;2003-04-20;1391;57601.31
401;163;27;12;389;2017-03-16;10400;404664
402;62;25;5;584;2012-09-24;1967;93688.21
403;184;1;12;617;2009-03-22;1227;51546.27
404;221;27;6;460;2017-04-17;7134;323526.9
405;7;20;4;171;2014-11-18;4521;254848.77
406;228;6;4;245;2001-06-07;579;16721.52
407;144;22;4;198;2007-07-06;3094;56310.8
408;129;10;8;489;2006-09-02;9084;387614.28
409;145;25;4;319;2000-09-07;10591;565029.85
410;90;16;4;136;2009-06-25;2486;38085.52
411;57;10;5;600;2009-04-16;3732;79864.8
412;233;28;6;555;2009-05-15;3829;156338.07
413;82;27;6;401;2015-06-30;5615;77992.35
414;182;5;4;613;2002-04-17;11172;545975.64
415;217;19;4;405;2019-03-22;10940;127669.8
416;44;16;4;293;2005-01-28;7384;379685.28
417;154;12;8;240;2001-02-10;1629;87526.17
418;58;4;2;374;2013-09-21;8513;144891.26
419;112;15;6;313;2000-02-24;2890;129356.4
420;81;14;12;107;2019-06-28;3686;38113.24
421;16;13;4;557;2019-02-21;1208;27167.92
422;68;18;4;226;2005-01-06;9415;532889
423;126;4;4;142;2019-08-23;9947;403748.73
424;52;9;3;273;2004-10-02;303;15737.82
425;198;22;12;483;2004-01-09;5338;82045.06
426;191;29;4;630;2009-12-27;5449;239429.06
427;86;5;4;574;2005-03-17;11092;493594
428;183;8;7;180;2017-08-22;8758;156943.36
429;93;17;4;624;2017-11-05;9580;358675.2
430;39;18;7;567;2006-12-17;6445;61485.3
431;56;3;4;303;2015-01-18;10049;250923.53
432;139;3;6;176;2010-12-01;6393;314024.16
433;43;29;6;596;2008-01-08;1663;89818.63
434;145;9;12;455;2000-04-26;10270;376395.5
435;12;19;4;232;2004-07-25;4877;189032.52
436;28;14;4;457;2000-12-07;6656;135449.6
437;194;30;4;189;2015-09-28;5112;146509.92
438;50;22;4;582;2016-10-31;3190;33558.8
439;62;16;12;638;2004-03-13;9822;497484.3
440;104;3;4;489;2002-10-19;2777;85142.82
441;129;8;4;397;2009-06-07;10081;438926.74
442;125;7;4;339;2016-08-04;8144;64093.28
443;11;4;6;465;2010-01-15;10000;505400
444;159;13;4;445;2019-06-03;9937;425601.71
445;220;2;6;124;2019-01-03;1682;24658.12
446;95;27;6;460;2003-06-18;5678;138827.1
447;187;22;8;354;2014-09-29;2288;113759.36
448;146;14;4;198;2012-09-25;5884;128388.88
449;78;12;4;183;2015-04-29;10223;444291.58
450;144;26;1;413;2014-08-05;9333;438371.01
451;208;7;6;436;2001-03-28;11579;624802.84
452;179;28;6;125;2009-03-27;4069;134724.59
453;200;1;4;537;2013-06-15;8309;462478.94
454;71;26;2;401;2009-06-08;4668;99195
455;104;30;4;111;2019-10-26;3633;45739.47
456;91;14;3;214;2008-11-04;5952;303611.52
457;222;16;4;423;2007-10-02;8099;128450.14
458;119;6;4;236;2018-05-22;861;19897.71
459;118;29;7;525;2012-09-23;11462;104648.06
460;234;13;6;390;2014-04-13;1015;38681.65
461;131;30;4;336;2008-03-02;7376;328158.24
462;216;4;9;376;2000-05-02;4849;199002.96
463;159;1;4;368;2005-11-27;4033;65253.94
464;234;2;6;474;2018-02-22;682;19968.96
465;148;17;4;449;2019-06-11;8183;118080.69
466;90;13;4;326;2002-07-31;8971;264285.66
467;228;14;4;408;2011-01-21;9825;432005.25
468;179;17;9;169;2006-04-01;4995;276223.5
469;71;28;4;634;2009-06-23;8716;453929.28
470;56;17;6;498;2015-08-27;1477;75105.45
471;213;27;9;360;2002-05-04;9810;357868.8
472;84;4;4;534;2011-04-28;7974;393915.6
473;206;25;12;256;2003-07-17;8912;303988.32
474;151;2;6;233;2005-05-30;9559;65096.79
475;10;16;4;582;2012-09-13;761;8972.19
476;119;3;4;196;2003-07-09;4086;65253.42
477;55;10;4;164;2018-06-20;3261;162528.24
478;175;19;4;181;2005-01-22;3539;98171.86
479;25;8;4;546;2012-02-21;4316;82047.16
480;111;11;4;390;2016-02-08;187;6668.42
481;165;23;3;458;2014-06-11;5150;241792.5
482;8;9;6;291;2016-04-13;5307;283606.08
483;79;7;6;544;2018-09-04;11627;98596.96
484;20;16;4;562;2003-05-12;1151;52105.77
485;236;22;4;242;2008-12-23;1304;13913.68
486;154;1;7;518;2010-02-15;7814;249110.32
487;57;1;4;202;2013-04-15;7678;399256
488;202;23;4;464;2010-11-29;2106;91969.02
489;7;11;4;500;2005-04-13;8874;207562.86
490;118;13;4;438;2004-02-14;5973;275355.3
491;51;11;4;215;2002-02-16;6662;248092.88
492;153;1;4;178;2018-12-08;3046;46695.18
493;75;22;4;125;2004-02-08;2283;38011.95
494;58;17;4;339;2014-11-03;2441;86094.07
495;63;13;4;115;2019-03-03;2373;59633.49
496;39;14;4;400;2014-05-16;197;2444.77
497;140;1;6;426;2001-02-14;3288;164498.64
498;2;12;4;450;2003-04-01;11674;99929.44
499;60;10;4;150;2002-07-18;10710;300308.4
500;101;2;3;494;2007-12-09;6297;272219.31
501;103;29;6;253;2003-01-18;9295;129014.6
502;213;20;6;331;2018-10-24;5344;258168.64
503;65;23;12;553;2002-12-07;11056;399674.4
504;188;22;6;417;2007-09-21;6165;334882.8
505;114;22;2;584;2014-05-30;5579;131497.03
506;207;4;1;138;2001-11-27;9843;331905.96
507;16;19;4;451;2019-07-17;42;1068.06
508;15;30;4;306;2010-06-18;8997;183808.71
509;31;10;4;572;2004-03-04;677;25306.26
510;84;6;4;648;2009-03-26;1360;27975.2
511;66;11;4;292;2003-03-04;6461;261541.28
512;227;18;12;435;2007-02-13;9042;125593.38
513;103;22;9;421;2002-11-13;11216;224656.48
514;81;5;4;436;2018-09-25;7271;253030.8
515;141;11;6;397;2000-05-21;9724;138955.96
516;113;23;4;276;2008-08-26;1449;25096.68
517;2;20;10;579;2000-02-14;5159;111485.99
518;211;24;4;351;2014-02-15;3033;116315.55
519;16;10;4;347;2012-06-25;2673;37074.51
520;135;6;4;386;2012-12-24;4937;231051.6
521;176;11;4;457;2017-07-22;3129;79320.15
522;169;16;11;439;2002-02-15;6300;66339
523;42;2;7;583;2004-04-07;11431;138429.41
524;240;1;6;447;2000-01-15;9323;177882.84
525;88;17;4;542;2003-08-15;6645;171706.8
526;18;25;11;525;2012-10-12;3886;108497.12
527;53;14;6;228;2019-04-26;1336;58035.84
528;38;21;4;467;2014-03-17;10643;85463.29
529;97;6;4;632;2005-05-01;6894;121334.4
530;118;30;5;346;2012-11-14;6635;105960.95
531;4;28;4;400;2005-01-30;6969;112131.21
532;49;15;4;132;2000-10-10;9780;458095.2
533;79;1;4;147;2007-08-28;9534;174948.9
534;106;17;4;528;2000-07-01;9149;419847.61
535;201;23;11;625;2004-07-30;458;18393.28
536;83;19;4;435;2003-11-13;4476;194974.56
537;15;30;1;428;2000-06-25;5082;270311.58
538;3;4;6;349;2003-05-15;1674;75514.14
539;21;4;4;356;2001-02-08;230;9678.4
540;17;30;3;205;2010-03-08;4052;155151.08
541;233;22;4;176;2003-11-02;449;23186.36
542;70;18;4;141;2014-09-02;835;15205.35
543;171;4;12;530;2011-12-21;5002;150710.26
544;222;30;12;552;2006-12-24;2416;13722.88
545;13;28;4;110;2005-01-23;4929;217171.74
546;140;12;10;111;2001-12-16;4344;181144.8
547;240;16;3;421;2012-05-28;8096;318658.56
548;182;4;12;417;2008-02-11;5634;215049.78
549;148;12;4;311;2008-05-12;11434;475768.74
550;73;20;4;538;2007-06-10;7819;368353.09
551;21;20;4;452;2001-03-19;3425;88399.25
552;96;18;4;571;2002-11-03;11774;188030.78
553;151;8;6;546;2017-10-10;10282;134899.84
554;27;7;6;137;2014-09-24;4474;200390.46
555;230;25;6;369;2006-03-28;10754;160987.38
556;62;26;4;304;2010-07-31;7874;444644.78
557;223;5;3;155;2012-09-01;6504;255997.44
558;204;8;6;161;2008-10-01;9194;142690.88
559;215;24;4;195;2000-08-04;6665;293593.25
560;119;21;4;574;2013-02-13;4478;212705
561;28;17;11;350;2013-06-24;9406;101584.8
562;137;11;9;624;2014-08-25;4792;195705.28
563;54;21;6;134;2004-05-08;709;30295.57
564;32;28;2;258;2016-11-05;9516;281007.48
565;87;28;8;495;2000-09-28;1972;19266.44
566;166;1;8;590;2008-09-22;868;22394.4
567;176;11;4;287;2018-04-10;8055;320750.1
568;76;1;11;277;2019-11-11;9968;312197.76
569;140;9;4;481;2008-12-03;1895;75667.35
570;5;27;4;583;2010-12-28;1431;31381.83
571;132;16;4;405;2011-01-31;11164;400229.4
572;153;23;4;530;2012-06-27;8346;181442.04
573;191;21;4;564;2019-12-19;6101;238305.06
574;3;26;4;381;2009-01-29;2785;105607.2
575;90;22;5;561;2000-04-07;11475;132536.25
576;12;27;8;149;2001-09-19;2274;25264.14
577;94;25;6;363;2002-07-10;6918;148391.1
578;185;20;4;501;2014-04-01;6312;186204
579;230;20;8;323;2010-08-18;8801;226625.75
580;123;11;4;441;2007-10-07;1339;36715.38
581;120;1;4;419;2009-11-12;138;6190.68
582;226;8;6;570;2019-03-13;6552;89172.72
583;80;21;6;562;2002-06-30;4763;261393.44
584;67;3;4;139;2006-06-07;6929;123544.07
585;183;27;4;529;2006-02-04;3572;146416.28
586;32;2;4;390;2000-08-10;11603;481756.56
587;49;8;4;201;2010-12-27;3574;77520.06
588;61;14;4;306;2005-10-06;971;21109.54
589;227;19;6;415;2006-01-02;3395;67356.8
590;173;16;3;370;2013-01-15;9206;220023.4
591;143;9;6;177;2018-06-19;173;2577.7
592;151;8;4;399;2007-04-23;2884;93297.4
593;43;24;6;244;2006-12-16;11570;360868.3
594;101;17;1;289;2001-12-31;2745;58303.8
595;101;4;4;573;2006-08-20;550;18942
596;193;23;4;261;2017-06-05;10244;180191.96
597;198;6;4;319;2001-01-13;11957;219530.52
598;118;3;8;336;2008-02-18;11600;287448
599;14;1;4;413;2000-01-05;7991;205288.79
600;44;29;6;130;2014-05-14;10035;175411.8
601;128;13;8;156;2018-06-24;9179;157603.43
602;119;20;4;242;2018-05-03;8660;447375.6
603;220;30;4;369;2002-04-23;5420;165635.2
604;10;26;11;221;2009-03-20;8831;172381.12
605;215;25;1;542;2017-01-18;3928;150049.6
606;109;20;6;426;2005-04-19;10261;555530.54
607;112;27;4;208;2015-12-22;4931;151283.08
608;85;4;4;360;2009-09-24;1270;46507.4
609;98;1;4;249;2007-10-02;2862;126958.32
610;184;30;4;501;2004-06-27;5230;143249.7
611;61;13;3;545;2012-06-04;5907;303442.59
612;164;19;4;151;2017-07-13;3116;45306.64
613;127;6;4;507;2004-08-11;3491;83888.73
614;3;8;4;498;2015-12-02;11361;303679.53
615;149;21;2;143;2003-09-04;8610;372899.1
616;99;30;4;198;2011-04-20;9458;395155.24
617;238;25;6;202;2015-07-26;1134;36514.8
618;228;16;4;419;2007-10-10;2861;55131.47
619;155;28;6;129;2003-08-05;3930;209193.9
620;140;23;8;169;2004-08-07;10402;355748.4
621;33;22;4;517;2009-02-06;11600;573504
622;103;3;11;468;2007-03-26;11349;146288.61
623;100;18;4;514;2003-08-25;1061;16785.02
624;1;24;6;267;2016-01-11;10087;330651.86
625;164;11;4;338;2004-03-05;2443;82084.8
626;236;10;2;392;2016-09-28;188;5092.92
627;136;10;1;381;2017-03-13;1070;28483.4
628;228;1;1;396;2002-11-24;9954;211124.34
629;170;23;2;314;2013-12-20;4642;108576.38
630;156;16;4;158;2012-03-16;927;14034.78
631;11;12;6;251;2009-08-19;6536;271897.6
632;96;27;6;160;2010-06-18;11203;381798.24
633;129;2;11;185;2005-12-04;1308;15696
634;70;28;1;530;2003-12-26;6393;43983.84
635;145;7;8;456;2016-05-21;7510;410421.5
636;76;26;6;342;2004-04-13;7651;331976.89
637;122;3;6;538;2015-03-22;10708;182892.64
638;106;15;6;576;2019-04-12;8863;259331.38
639;12;28;4;385;2017-10-09;1315;46248.55
640;200;6;4;434;2014-08-22;6114;166606.5
641;98;15;7;493;2009-02-25;7763;127468.46
642;107;20;1;565;2004-12-07;6085;295244.2
643;35;5;4;522;2001-03-27;1264;51937.76
644;64;7;4;159;2003-07-17;6287;140577.32
645;228;21;4;605;2011-04-18;8789;347692.84
646;152;6;8;114;2008-03-31;6874;218318.24
647;230;19;4;162;2012-07-27;6661;363890.43
648;11;30;9;142;2004-02-01;9171;244590.57
649;218;22;3;166;2007-12-03;10859;199805.6
650;3;13;4;316;2019-02-19;2088;60489.36
651;183;15;4;543;2006-05-19;4842;121631.04
652;19;3;4;505;2012-08-01;4909;111237.94
653;57;20;4;460;2000-12-13;11929;485271.72
654;175;11;4;275;2007-02-18;11929;249912.55
655;67;23;6;483;2017-12-10;7316;407940.16
656;134;30;9;248;2008-07-04;9010;295167.6
657;190;2;4;507;2013-11-17;4593;47307.9
658;34;9;4;329;2005-04-11;1621;91473.03
659;235;30;4;355;2007-11-14;6159;157793.58
660;150;12;4;162;2009-03-10;10463;204237.76
661;29;15;3;361;2009-07-03;5912;112741.84
662;30;21;11;181;2016-06-25;3607;179845.02
663;98;21;4;288;2013-03-20;5317;57476.77
664;46;1;12;260;2013-09-25;4484;74568.92
665;25;4;9;115;2016-08-29;664;30484.24
666;53;28;4;117;2007-08-22;7765;69496.75
667;125;24;4;263;2018-03-16;2923;20928.68
668;141;23;5;525;2003-10-21;7447;84970.27
669;192;11;4;509;2011-01-16;965;40530
670;208;6;4;267;2007-08-09;2768;66653.44
671;48;5;7;299;2000-03-29;2975;52865.75
672;205;13;11;589;2002-10-22;1935;98762.4
673;12;15;4;134;2008-03-10;11065;572945.7
674;153;16;9;254;2019-08-14;4118;169414.52
675;205;20;4;546;2019-07-02;7063;134550.15
676;68;1;5;337;2003-12-25;1307;55364.52
677;130;27;8;216;2001-01-10;1400;22162
678;5;14;4;241;2013-04-21;9934;191030.82
679;206;22;4;540;2003-08-03;4894;121762.72
680;28;29;7;554;2013-12-25;11814;507056.88
681;203;17;11;562;2001-03-01;7915;280824.2
682;177;27;4;382;2018-09-30;4235;143990
683;54;6;6;635;2002-06-12;7114;145979.28
684;133;24;7;337;2007-09-02;7405;221927.85
685;29;8;9;412;2013-12-10;5737;253518.03
686;151;20;4;520;2018-05-03;8208;162025.92
687;181;4;4;156;2015-05-03;9436;70770
688;120;29;5;317;2014-03-11;2399;54985.08
689;70;28;3;625;2007-08-15;4611;164013.27
690;196;22;9;619;2009-03-28;7038;139211.64
691;124;25;4;584;2003-10-30;5252;70376.8
692;208;4;9;376;2013-06-14;6936;354984.48
693;75;9;3;576;2008-04-08;8437;87576.06
694;119;30;7;397;2017-11-17;465;6277.5
695;45;30;4;345;2000-05-26;10997;177821.49
696;10;11;1;362;2011-02-09;11696;278481.76
697;91;30;4;271;2017-11-15;7121;126397.75
698;12;11;4;228;2019-04-22;9972;391101.84
699;82;30;4;184;2011-01-31;6076;149530.36
700;224;14;4;272;2014-12-12;3117;43014.6
701;151;7;1;189;2014-09-21;4114;147116.64
702;76;18;4;321;2011-08-27;2277;21768.12
703;35;16;4;157;2004-01-21;4293;121062.6
704;224;5;5;241;2014-07-04;1134;32319
705;167;23;5;167;2014-08-27;9200;215280
706;52;21;10;525;2003-07-30;7823;258471.92
707;39;17;4;387;2015-10-14;10168;190141.6
708;110;23;4;271;2013-07-24;8902;138248.06
709;232;16;4;614;2018-01-02;10502;102499.52
710;79;14;4;274;2015-08-31;6040;73808.8
711;239;10;7;430;2009-03-04;10301;264941.72
712;51;20;10;485;2015-07-18;6632;51928.56
713;172;23;3;338;2009-01-01;7968;325253.76
714;201;24;7;162;2002-11-06;2408;53674.32
715;166;30;4;322;2015-09-25;775;6021.75
716;192;29;4;437;2004-04-03;9161;357004.17
717;142;16;4;303;2009-01-20;5514;160071.42
718;125;14;12;632;2005-05-09;10013;91819.21
719;76;15;6;407;2013-06-06;8611;309737.67
720;159;1;4;225;2010-03-29;9080;121036.4
721;181;8;4;344;2000-09-04;10801;256631.76
722;205;27;4;556;2007-03-11;2119;34666.84
723;70;6;4;600;2011-12-09;6622;258390.44
724;137;26;6;244;2005-09-02;11101;120778.88
725;200;17;4;528;2008-09-18;7250;150872.5
726;100;21;4;253;2005-10-19;73;1947.64
727;152;7;4;362;2003-07-08;3206;92204.56
728;178;20;7;526;2016-06-11;11680;85030.4
729;29;2;10;245;2014-12-04;5132;221086.56
730;59;5;4;536;2010-05-09;936;31374.72
731;187;20;12;448;2013-07-13;7131;293298.03
732;178;26;6;365;2008-11-21;2755;29698.9
733;15;2;4;400;2003-08-08;9749;76237.18
734;142;4;4;109;2018-07-14;7989;143082.99
735;204;1;4;471;2019-07-17;436;19371.48
736;63;1;4;217;2014-12-29;6359;141042.62
737;31;7;6;555;2019-07-13;5181;88128.81
738;51;16;4;353;2000-01-30;8681;200878.34
739;81;26;4;648;2014-01-20;11742;417545.52
740;58;12;4;231;2010-09-12;3188;90156.64
741;4;20;12;594;2006-03-12;4225;223840.5
742;220;23;4;235;2009-01-10;7917;250414.71
743;12;4;4;485;2002-05-07;4635;46813.5
744;223;4;2;295;2003-10-13;8458;437363.18
745;51;17;6;549;2010-07-19;9845;104061.65
746;189;16;3;447;2014-07-12;6112;94491.52
747;164;23;4;115;2013-02-08;1750;54495
748;50;28;5;198;2006-11-26;4441;212901.54
749;96;28;4;636;2019-06-22;5087;113236.62
750;205;6;6;260;2015-12-17;1826;73405.2
751;206;15;4;114;2008-02-25;4896;68250.24
752;224;5;4;560;2014-12-06;11480;590646
753;238;30;6;135;2010-07-10;10563;559416.48
754;121;2;4;192;2016-03-11;1364;7747.52
755;54;30;6;588;2006-09-09;4529;84012.95
756;236;3;6;127;2012-01-24;4826;42565.32
757;177;26;4;222;2003-02-17;9367;155492.2
758;191;8;6;313;2007-03-16;11446;418694.68
759;129;7;2;312;2016-03-17;4507;144990.19
760;162;19;4;377;2003-10-11;3291;26229.27
761;135;27;6;253;2001-11-11;3019;72123.91
762;84;18;10;466;2006-11-18;8738;120322.26
763;231;17;4;192;2006-10-04;5018;107786.64
764;39;30;4;316;2003-06-16;5396;226362.2
765;194;12;4;583;2003-03-25;111;3920.52
766;21;30;4;503;2005-04-13;7761;173535.96
767;76;10;1;204;2015-05-23;2122;33803.46
768;233;25;4;636;2000-10-10;4678;140667.46
769;156;27;4;298;2000-09-06;11558;309985.56
770;239;19;8;446;2007-01-14;10460;367355.2
771;71;14;5;193;2003-04-18;5314;252574.42
772;187;20;8;202;2006-06-25;337;18005.91
773;132;17;4;104;2015-07-27;5397;267637.23
774;225;18;2;367;2012-04-13;8262;58412.34
775;237;4;6;407;2005-03-08;9335;477485.25
776;222;19;4;247;2015-01-08;6432;241714.56
777;120;25;6;423;2010-06-20;4407;97042.14
778;239;27;2;569;2012-09-27;7308;255560.76
779;70;14;2;528;2006-09-16;11659;184328.79
780;135;16;4;414;2016-07-23;6918;324869.28
781;164;9;4;529;2013-06-05;7568;401255.36
782;36;22;7;145;2005-05-10;7396;267439.36
783;120;13;2;158;2003-10-23;11142;95709.78
784;238;20;4;592;2005-01-03;7180;127014.2
785;82;4;4;140;2007-10-11;9194;499969.72
786;9;29;4;181;2017-06-04;11054;114740.52
787;25;22;4;536;2019-01-22;6956;308011.68
788;239;25;4;240;2013-01-02;9002;412831.72
789;208;1;7;540;2006-04-14;8353;434105.41
790;117;24;7;446;2002-07-02;3254;126482.98
791;135;30;1;229;2013-04-02;9234;264092.4
792;101;1;4;240;2016-09-28;11421;224194.23
793;171;13;2;295;2010-04-14;4971;231449.76
794;118;14;4;156;2013-04-08;1515;26967
795;140;3;4;609;2005-06-27;1522;43529.2
796;151;10;11;253;2000-12-06;6757;230548.84
797;194;27;11;559;2007-01-19;10484;209260.64
798;90;19;4;323;2004-04-07;4400;225808
799;179;14;1;631;2000-09-19;1111;52261.44
800;64;11;4;318;2012-09-02;10897;290405.05
801;59;4;4;314;2004-04-02;9940;420660.8
802;229;22;4;474;2013-06-07;1729;88057.97
803;117;12;4;270;2012-08-10;11412;101452.68
804;52;18;2;274;2015-05-16;8142;208842.3
805;8;10;4;148;2006-08-24;7087;88233.15
806;70;20;6;368;2015-06-15;2802;108073.14
807;11;10;9;325;2002-03-07;3339;184079.07
808;81;6;3;459;2016-08-08;2581;81791.89
809;209;6;4;106;2014-10-23;3074;104423.78
810;82;7;4;136;2010-06-27;1466;72420.4
811;198;28;4;547;2002-09-17;595;12655.65
812;155;6;11;623;2001-04-03;10583;514227.97
813;191;20;6;218;2012-09-28;8748;486388.8
814;112;9;4;514;2016-11-21;10680;124101.6
815;215;5;5;256;2018-09-24;10158;260959.02
816;18;4;4;482;2014-01-20;2179;78661.9
817;145;20;6;109;2003-09-07;8787;96305.52
818;86;4;4;518;2003-02-09;3282;90714.48
819;220;11;7;161;2005-03-06;3873;41208.72
820;194;14;4;590;2002-11-12;11576;320886.72
821;115;22;8;619;2011-05-27;10604;491813.52
822;22;22;11;308;2006-09-10;3939;81734.25
823;212;10;4;322;2000-04-26;11159;511974.92
824;177;19;4;635;2000-08-02;11282;211311.86
825;86;17;4;533;2000-01-03;10340;224378
826;184;17;4;563;2013-08-15;10603;583907.21
827;169;11;4;228;2010-03-06;7112;43809.92
828;193;5;6;474;2011-09-08;4087;70909.45
829;57;8;4;435;2017-06-26;10505;370406.3
830;106;17;6;411;2002-07-03;1105;61924.2
831;50;5;3;601;2002-04-27;10579;366350.77
832;223;1;4;149;2017-06-16;5441;220306.09
833;173;12;10;595;2006-05-01;11409;102224.64
834;166;30;7;134;2001-09-01;11736;537626.16
835;159;21;6;555;2012-08-06;10957;435650.32
836;221;13;4;649;2007-09-12;3402;183810.06
837;212;15;4;148;2016-08-14;4083;34093.05
838;18;23;8;519;2011-06-25;10532;347240.04
839;65;6;11;552;2013-05-30;341;13377.43
840;103;19;4;379;2013-04-29;6669;119241.72
841;230;27;4;548;2015-10-21;10152;97256.16
842;41;20;4;412;2014-06-05;4916;166209.96
843;63;30;7;241;2003-07-24;9759;60115.44
844;238;16;8;535;2011-12-07;1604;70447.68
845;238;7;4;123;2015-06-20;690;4512.6
846;151;18;4;505;2007-05-05;9100;433979
847;158;16;6;153;2007-06-02;2396;81511.92
848;53;13;4;647;2011-04-07;7205;56199
849;45;6;3;447;2017-07-24;8548;256098.08
850;191;13;4;487;2017-06-19;9009;422522.1
851;45;18;4;429;2015-08-30;3258;175312.98
852;171;5;6;402;2018-06-19;3680;173843.2
853;35;1;4;114;2004-08-14;9963;59279.85
854;60;14;4;479;2010-11-28;8509;74879.2
855;39;11;4;101;2008-07-08;10386;460930.68
856;83;27;4;423;2008-02-14;9778;493300.1
857;111;30;4;444;2004-12-06;11021;277839.41
858;42;7;4;217;2018-06-28;11263;292950.63
859;189;2;4;280;2002-11-30;5403;82773.96
860;110;4;4;238;2016-11-14;4211;82114.5
861;5;10;6;149;2004-07-31;250;4987.5
862;19;20;2;638;2018-07-08;322;10236.38
863;80;17;4;650;2015-03-04;1643;41387.17
864;122;7;4;341;2004-12-14;5099;155468.51
865;18;9;4;406;2009-02-26;3596;185481.68
866;31;20;2;379;2008-11-10;523;24507.78
867;145;25;6;597;2013-03-26;442;18736.38
868;110;5;1;265;2016-07-07;8154;190558.98
869;187;10;4;148;2011-06-23;414;8333.82
870;147;20;4;320;2004-02-22;3422;181879.3
871;57;13;4;241;2007-09-18;11164;448234.6
872;114;28;3;183;2011-01-07;8077;418550.14
873;235;4;4;550;2017-11-03;164;2005.72
874;238;26;4;311;2019-11-12;10851;453354.78
875;137;13;6;362;2005-08-06;5718;84226.14
876;164;13;8;323;2010-07-16;9004;449749.8
877;23;20;4;459;2013-04-15;5580;74046.6
878;142;25;10;138;2010-01-06;5395;79684.15
879;152;7;4;440;2004-09-22;7724;430613
880;23;22;4;549;2001-12-03;7518;274407
881;27;29;4;153;2018-04-16;1594;16768.88
882;55;26;1;605;2019-03-17;9978;86409.48
883;119;27;4;421;2013-11-22;3165;56748.45
884;191;3;4;473;2010-03-14;10413;232730.55
885;169;29;4;365;2015-02-01;9484;306997.08
886;166;22;6;511;2002-09-30;5811;39166.14
887;92;16;4;377;2015-10-10;7938;438733.26
888;59;7;4;128;2009-02-11;9280;179846.4
889;199;21;10;537;2003-08-28;11708;416921.88
890;170;10;4;601;2018-12-01;11298;99309.42
891;65;27;7;599;2007-02-15;5734;274199.88
892;66;8;4;269;2012-01-30;2199;105991.8
893;218;30;6;277;2012-10-27;2170;38560.9
894;164;20;6;637;2013-11-17;7213;355817.29
895;13;9;4;555;2009-01-22;4653;47972.43
896;83;6;4;263;2019-06-25;11150;623285
897;11;2;4;632;2016-02-19;9597;441749.91
898;64;5;4;404;2010-07-14;7859;361042.46
899;163;11;3;554;2017-06-26;2703;77576.1
900;179;16;6;579;2013-05-19;2314;105472.12
901;19;23;9;150;2013-11-26;10958;146070.14
902;120;27;4;398;2003-11-21;859;42864.1
903;215;3;4;363;2011-07-21;6893;287507.03
904;165;8;4;175;2016-08-21;3788;68221.88
905;170;13;10;239;2012-07-23;6439;330127.53
906;144;8;6;524;2016-02-17;9109;414550.59
907;71;28;4;506;2014-09-28;8877;77940.06
908;116;26;4;269;2003-05-24;4448;94608.96
909;45;14;9;628;2017-03-30;7938;253857.24
910;177;25;4;453;2001-10-07;10454;391920.46
911;201;5;4;605;2017-04-04;10356;513968.28
912;122;28;4;111;2006-03-11;5464;142282.56
913;60;10;4;594;2018-08-28;5158;258415.8
914;161;28;4;622;2014-07-09;7800;277758
915;189;25;4;637;2001-10-16;5621;163571.1
916;8;27;1;609;2001-01-25;8000;218160
917;195;24;4;310;2002-04-05;7505;91861.2
918;16;9;4;145;2009-04-22;5121;224453.43
919;97;22;6;317;2009-02-27;8545;179445
920;176;28;6;496;2004-02-01;7140;350359.8
921;216;21;4;564;2006-02-09;87;2535.18
922;113;11;6;292;2014-05-08;9595;330835.6
923;32;20;5;212;2004-10-22;8577;199586.79
924;61;23;6;370;2001-11-19;9936;64186.56
925;49;23;6;595;2004-03-21;7712;229740.48
926;221;28;3;339;2019-12-07;9663;539292.03
927;66;17;10;559;2017-10-16;4290;102616.8
928;193;26;4;298;2012-06-22;8691;309312.69
929;141;1;4;311;2005-12-17;10829;522282.67
930;169;5;4;571;2013-07-22;11789;205246.49
931;102;21;1;516;2012-07-30;10029;457623.27
932;20;18;4;236;2006-11-11;3973;178069.86
933;109;24;4;393;2014-06-19;2430;65950.2
934;115;1;6;262;2013-08-13;1967;26810.21
935;233;4;12;429;2015-01-21;4241;69806.86
936;203;15;12;465;2010-10-31;10128;501133.44
937;34;21;4;419;2005-10-05;10373;465436.51
938;19;10;4;637;2012-02-19;186;4979.22
939;101;28;6;141;2005-08-15;3039;100712.46
940;52;10;4;220;2003-07-05;6932;77915.68
941;211;13;6;440;2014-03-07;6556;112369.84
942;144;21;4;417;2011-11-25;8792;231229.6
943;202;24;4;561;2010-02-01;6951;136378.62
944;67;13;4;176;2009-09-16;5815;121126.45
945;183;8;6;599;2007-02-03;1192;13445.76
946;178;30;4;140;2011-03-26;11362;301661.1
947;172;2;1;520;2011-02-02;5217;259597.92
948;95;2;6;406;2016-07-12;5789;199604.72
949;223;8;5;225;2014-12-31;10581;376895.22
950;186;25;4;342;2007-07-02;670;30418
951;186;14;8;406;2015-06-18;10679;398540.28
952;209;13;6;452;2012-03-05;10791;243121.23
953;104;27;9;220;2006-10-31;10407;364245
954;200;16;10;269;2014-11-06;1223;36029.58
955;173;19;4;165;2001-12-11;5225;75449
956;125;15;4;500;2004-01-02;3501;146761.92
957;28;28;4;122;2007-06-02;3980;136394.6
958;204;3;1;155;2002-08-17;6441;336993.12
959;205;20;5;435;2006-06-13;7744;262056.96
960;215;29;4;332;2008-11-01;5087;274087.56
961;9;6;3;215;2019-10-05;3088;130591.52
962;112;23;5;260;2015-12-26;10303;166496.48
963;38;23;2;537;2006-04-08;1223;26000.98
964;219;30;4;222;2001-12-17;8309;326792.97
965;140;12;5;495;2009-11-05;7086;53924.46
966;80;13;6;470;2017-06-19;11633;396452.64
967;152;22;12;247;2005-07-20;5540;183928
968;229;18;6;389;2009-11-17;6307;218159.13
969;145;15;2;645;2019-05-03;10440;382104
970;232;4;4;129;2015-01-17;6551;146152.81
971;179;30;11;253;2004-02-07;3518;118943.58
972;185;30;4;490;2013-06-11;8946;76041
973;224;3;4;126;2012-01-25;903;47425.56
974;94;7;6;372;2002-09-20;5691;292574.31
975;57;10;4;287;2018-04-11;9633;479434.41
976;169;11;4;411;2019-01-13;860;5306.2
977;140;12;4;518;2008-10-06;4236;136568.64
978;83;9;11;352;2012-07-24;5442;210442.14
979;6;19;4;393;2015-05-12;10816;529767.68
980;235;15;6;507;2019-02-28;4617;85137.48
981;95;29;4;237;2010-12-06;9941;328450.64
982;187;9;4;224;2013-02-22;9967;328312.98
983;175;18;11;390;2004-01-22;11369;411330.42
984;97;12;11;468;2011-01-02;4860;107308.8
985;137;28;3;320;2015-06-11;5690;37781.6
986;3;17;4;252;2016-09-16;11061;320658.39
987;11;4;1;260;2011-02-26;2437;74962.12
988;24;24;6;607;2000-04-24;11518;356597.28
989;121;21;4;164;2019-10-08;412;21720.64
990;186;6;5;386;2013-02-22;1887;97671.12
991;68;11;6;491;2004-01-11;11853;448398.99
992;204;26;4;430;2016-11-06;6894;208405.62
993;94;24;4;171;2005-08-04;8242;131295.06
994;45;10;4;122;2012-03-04;3398;183831.8
995;161;19;4;155;2017-05-21;2205;44100
996;212;13;7;565;2012-08-30;6523;237698.12
997;39;29;9;382;2002-04-21;9689;543165.34
998;94;1;6;287;2018-02-08;3929;156256.33
999;176;15;6;343;2019-07-23;2489;16502.07
1000;99;15;6;523;2008-06-19;2707;76337.4
1001;54;20;6;105;2013-04-05;7234;336381
1002;162;29;4;196;2006-03-26;9615;471231.15
1003;206;29;1;168;2013-10-21;3895;107073.55
1004;90;3;6;556;2018-03-19;8708;175640.36
1005;17;26;9;315;2005-11-24;2417;64098.84
1006;39;8;4;558;2018-03-31;11869;318089.2
1007;131;15;4;205;2002-08-09;2806;147315
1008;201;3;6;365;2008-09-15;1823;25941.29
1009;233;16;4;495;2015-08-09;8551;96198.75
1010;81;29;4;256;2015-12-18;8066;269807.7
1011;53;8;6;407;2001-03-01;9317;523429.06
1012;203;18;8;106;2014-08-26;8042;391806.24
1013;163;23;4;523;2009-04-03;9328;139920
1014;74;30;4;261;2016-10-13;697;35330.93
1015;119;19;4;557;2000-05-16;1647;84276.99
1016;92;25;3;619;2005-03-07;10665;403030.35
1017;100;28;3;606;2006-11-04;1499;63947.34
1018;178;24;5;280;2019-05-10;11619;253642.77
1019;228;24;7;301;2012-10-25;546;22369.62
1020;124;26;11;233;2006-07-20;1773;51044.67
1021;172;9;4;458;2008-12-26;7009;112844.9
1022;183;14;4;249;2012-06-01;5895;76517.1
1023;175;16;4;349;2014-10-19;2076;104630.4
1024;98;10;7;188;2013-06-29;5352;189193.2
1025;96;6;4;480;2019-03-12;258;5077.44
1026;169;17;12;223;2004-02-19;7448;122892
1027;185;1;10;437;2015-01-22;8182;410981.86
1028;201;6;1;111;2016-01-08;8319;165464.91
1029;178;16;4;209;2004-01-13;8089;135409.86
1030;33;21;4;322;2004-07-10;7707;265197.87
1031;17;20;4;616;2013-02-06;5537;287979.37
1032;185;19;4;101;2012-02-04;7006;193295.54
1033;166;18;10;526;2008-08-24;10991;471184.17
1034;74;30;7;493;2003-04-11;11702;87882.02
1035;171;30;4;147;2010-12-22;11873;212882.89
1036;141;3;4;384;2000-11-05;9210;59957.1
1037;173;4;12;431;2017-06-20;8258;437591.42
1038;182;11;4;295;2012-07-03;7868;88908.4
1039;79;16;4;379;2012-11-17;3864;195557.04
1040;149;9;11;452;2000-06-02;10803;172523.91
1041;215;20;4;118;2003-05-12;9251;361066.53
1042;37;9;6;548;2000-09-10;11973;397383.87
1043;57;17;4;125;2011-08-23;2617;118209.89
1044;206;24;4;395;2010-08-07;6015;68871.75
1045;130;12;9;122;2019-11-17;2946;119371.92
1046;172;30;2;130;2018-11-23;7555;338237.35
1047;174;2;4;509;2013-09-04;11918;530708.54
1048;18;15;6;317;2011-10-12;5836;81062.04
1049;166;17;4;475;2009-10-03;9407;350410.75
1050;154;22;3;445;2017-08-24;5943;188690.25
1051;14;30;4;587;2005-08-23;721;18262.93
1052;217;16;2;231;2003-09-14;11828;189129.72
1053;179;5;6;220;2019-08-07;5356;127044.32
1054;80;17;1;367;2007-01-01;1061;27225.26
1055;224;23;7;236;2006-05-24;9435;392118.6
1056;229;22;4;583;2006-07-17;10133;454971.7
1057;109;7;6;140;2006-02-07;6415;107451.25
1058;169;4;4;435;2007-12-10;11973;183186.9
1059;172;28;4;519;2008-09-26;1945;62590.1
1060;124;12;4;403;2007-11-15;6368;269048
1061;124;23;12;157;2017-03-02;3013;138387.09
1062;119;18;6;483;2006-02-28;964;7095.04
1063;183;1;4;132;2006-11-01;8825;203151.5
1064;129;7;3;473;2011-07-30;3975;56763
1065;142;29;4;332;2006-04-25;8026;252899.26
1066;121;10;2;530;2019-09-24;7633;65796.46
1067;132;30;4;479;2012-05-23;2484;16245.36
1068;40;3;8;320;2004-12-28;3082;62595.42
1069;227;10;5;161;2019-04-02;2889;21811.95
1070;106;14;4;567;2009-08-20;5701;241437.35
1071;77;11;4;379;2015-01-18;6113;127211.53
1072;209;22;10;420;2018-07-24;5647;113165.88
1073;157;2;5;250;2004-01-11;6787;256616.47
1074;93;9;5;417;2004-12-01;8739;268549.47
1075;107;25;8;285;2004-04-30;7267;65911.69
1076;3;10;10;205;2012-12-12;550;8431.5
1077;105;21;11;103;2009-05-26;10738;160318.34
1078;82;8;7;368;2018-06-24;11950;556392
1079;39;10;4;212;2002-09-30;10933;113593.87
1080;38;7;8;229;2001-01-11;1345;47344
1081;190;4;4;192;2007-09-19;4571;217808.15
1082;149;15;6;532;2013-09-12;6034;188381.48
1083;113;17;5;563;2018-01-16;2971;65599.68
1084;85;11;4;511;2013-09-04;2687;54089.31
1085;15;23;4;429;2017-09-09;5730;191324.7
1086;24;28;6;180;2019-06-20;582;17721.9
1087;189;4;6;494;2003-07-21;9084;108826.32
1088;97;5;4;518;2012-10-01;10837;425677.36
1089;219;19;4;537;2014-05-17;2353;110849.83
1090;116;16;4;542;2001-12-17;3747;169326.93
1091;205;21;4;645;2001-09-17;11579;85337.23
1092;187;6;6;632;2005-10-13;11458;171526.26
1093;74;19;4;648;2011-01-28;11429;513390.68
1094;240;25;12;507;2019-11-06;4052;219334.76
1095;28;15;4;353;2006-04-28;11642;646596.68
1096;2;10;4;629;2006-01-19;3530;47196.1
1097;218;26;12;330;2015-07-21;8951;321340.9
1098;165;18;6;421;2017-12-11;893;19833.53
1099;240;17;6;151;2013-11-10;11082;93864.54
1100;40;22;4;301;2017-04-29;1928;46002.08
1101;52;24;12;316;2008-08-07;5781;74228.04
1102;142;23;6;462;2010-06-12;47;974.31
1103;183;22;4;312;2007-06-13;6367;278428.91
1104;101;24;4;623;2008-08-27;9621;266790.33
1105;214;26;9;548;2006-07-22;9685;119222.35
1106;101;23;4;432;2002-09-17;6046;52962.96
1107;96;25;6;637;2015-05-18;7530;276576.9
1108;227;2;4;487;2002-09-15;570;16176.6
1109;75;20;5;152;2006-06-08;1608;13555.44
1110;25;2;4;265;2013-07-27;7162;295862.22
1111;120;21;8;168;2009-02-19;11698;240159.94
1112;49;18;4;215;2014-10-13;3482;50523.82
1113;202;24;8;217;2007-10-24;5709;299608.32
1114;128;10;4;464;2005-02-06;9366;207831.54
1115;118;19;2;219;2001-04-21;8733;203216.91
1116;224;10;4;487;2017-09-04;8353;357174.28
1117;224;15;12;120;2003-08-15;8310;208331.7
1118;155;30;2;391;2007-06-10;11247;595191.24
1119;48;10;4;513;2017-12-23;6548;219358
1120;116;5;7;553;2009-01-09;11949;443546.88
1121;15;27;4;404;2013-04-14;11910;480568.5
1122;18;27;8;479;2002-03-21;9823;379658.95
1123;167;22;4;319;2004-04-09;7673;335693.75
1124;193;21;6;413;2007-01-27;11844;325710
1125;173;10;6;465;2019-10-02;2765;144360.65
1126;127;28;12;560;2005-08-15;4838;160621.6
1127;46;20;4;312;2000-02-09;5729;110111.38
1128;183;2;3;495;2019-12-18;1665;79487.1
1129;85;27;4;440;2001-12-29;9023;332136.63
1130;101;9;4;529;2007-02-10;2460;41549.4
1131;92;27;4;315;2001-02-08;5614;282664.9
1132;161;24;4;501;2012-06-14;7882;162526.84
1133;59;21;4;109;2017-05-07;8652;352569
1134;54;8;4;506;2016-01-09;4942;61972.68
1135;131;14;8;432;2007-11-25;3007;86240.76
1136;59;16;6;242;2016-08-04;3990;216417.6
1137;71;1;7;557;2014-03-09;5315;89292
1138;89;10;4;642;2012-11-24;3716;67668.36
1139;167;26;6;473;2014-03-26;8604;446719.68
1140;229;21;2;434;2004-07-09;11850;102502.5
1141;31;11;4;324;2004-09-18;774;6795.72
1142;183;10;4;253;2015-11-06;9570;315810
1143;70;8;6;371;2011-12-18;732;21037.68
1144;150;30;4;403;2017-07-19;10324;332845.76
1145;167;13;2;127;2016-08-08;7960;386776.4
1146;190;7;11;499;2007-12-24;366;20144.64
1147;157;17;1;242;2000-07-21;4498;207087.92
1148;58;15;4;193;2012-05-30;1802;61790.58
1149;104;8;4;644;2014-04-12;5074;142173.48
1150;181;27;6;348;2014-03-22;2204;122366.08
1151;24;22;5;360;2011-05-28;3813;40112.76
1152;180;2;4;363;2018-06-19;6722;157630.9
1153;75;13;6;641;2017-04-29;5857;146717.85
1154;74;15;4;217;2000-07-03;9447;61216.56
1155;47;9;4;428;2003-08-10;5043;73073.07
1156;217;1;4;318;2007-06-22;7833;412172.46
1157;148;2;4;225;2005-09-08;10728;165425.76
1158;175;8;1;371;2018-01-11;6014;64470.08
1159;163;8;6;285;2019-05-08;10109;334102.45
1160;2;3;7;472;2003-03-22;5930;92982.4
1161;106;13;4;164;2012-03-24;4890;69389.1
1162;130;11;11;115;2015-08-23;8625;376395
1163;96;16;4;380;2002-04-22;4179;217934.85
1164;130;24;11;374;2016-05-18;7837;431348.48
1165;227;22;4;592;2004-07-07;29;266.22
1166;51;20;4;196;2012-06-13;9472;383237.12
1167;57;23;4;389;2009-08-05;11479;626638.61
1168;211;1;4;469;2002-03-21;10212;542155.08
1169;237;13;11;380;2011-02-20;9152;214888.96
1170;146;18;4;153;2019-06-28;10083;467649.54
1171;71;14;4;407;2014-10-15;2730;42697.2
1172;220;23;3;528;2002-05-10;5736;319495.2
1173;164;2;4;432;2013-02-07;5268;191333.76
1174;97;15;12;627;2006-09-07;11741;355869.71
1175;205;29;6;152;2008-06-09;9787;337553.63
1176;237;16;5;408;2007-04-29;1220;55168.4
1177;30;1;6;547;2010-08-17;3292;55733.56
1178;219;7;6;427;2006-01-30;3945;55032.75
1179;97;4;10;598;2006-09-22;9855;172955.25
1180;103;3;6;332;2015-11-16;5383;69494.53
1181;4;13;4;302;2000-03-02;8375;75458.75
1182;34;29;4;445;2015-10-19;1440;52387.2
1183;144;13;6;504;2017-04-15;10727;217758.1
1184;105;4;4;262;2005-07-06;181;1730.36
1185;157;7;4;448;2003-01-17;3900;138762
1186;12;14;4;649;2014-01-01;7453;295735.04
1187;17;4;11;600;2000-11-07;6743;263853.59
1188;148;4;4;319;2007-12-14;8128;331541.12
1189;213;29;4;148;2000-05-19;7238;56601.16
1190;161;4;2;243;2004-06-17;231;8932.77
1191;55;7;4;180;2012-06-14;8628;284982.84
1192;67;18;9;233;2004-10-16;2751;85143.45
1193;126;4;4;176;2019-11-06;11034;313475.94
1194;175;21;4;101;2000-02-02;10522;404044.8
1195;198;11;3;131;2001-02-02;2685;151756.2
1196;123;7;4;505;2016-01-23;7850;394933.5
1197;29;14;10;501;2008-09-13;5895;199840.5
1198;142;26;4;285;2017-08-15;3832;170409.04
1199;210;2;4;317;2018-08-18;3486;194727.96
1200;28;23;4;351;2008-08-20;11571;169977.99
1201;67;18;6;352;2006-07-21;11191;324315.18
1202;6;13;4;277;2003-02-01;8948;292331.16
1203;160;15;7;344;2016-06-05;3371;113737.54
1204;8;23;4;616;2016-05-29;5226;215467.98
1205;141;23;4;361;2013-04-14;732;37529.64
1206;23;7;8;141;2016-02-28;4981;159342.19
1207;36;18;8;355;2015-01-17;9629;216459.92
1208;181;17;8;532;2001-12-10;8951;146080.32
1209;175;27;10;482;2017-11-10;977;50198.26
1210;12;12;4;577;2011-11-25;6396;177425.04
1211;102;30;9;229;2000-01-11;8898;218712.84
1212;196;10;2;563;2013-12-09;2363;128523.57
1213;169;5;9;533;2015-05-18;4339;210050.99
1214;108;20;9;598;2018-10-06;1686;11127.6
1215;107;25;4;383;2006-08-29;9253;106687.09
1216;153;23;5;487;2001-03-14;857;35454.09
1217;159;24;4;589;2003-06-23;9786;459256.98
1218;198;23;4;352;2001-06-27;4336;189569.92
1219;23;25;4;215;2003-04-19;10387;307351.33
1220;16;13;4;142;2013-10-12;3699;177921.9
1221;236;25;6;225;2010-02-19;6675;240767.25
1222;175;7;4;265;2003-04-09;4541;112117.29
1223;207;8;4;482;2015-01-17;11486;358018.62
1224;103;4;4;354;2012-09-04;7004;216073.4
1225;108;27;4;145;2001-07-04;769;6797.96
1226;120;9;10;148;2013-04-25;11983;570270.97
1227;43;29;6;354;2011-07-16;7579;48429.81
1228;13;15;11;582;2015-01-17;4462;146889.04
1229;202;19;4;634;2014-07-13;3194;36443.54
1230;66;30;4;566;2009-12-15;4205;59668.95
1231;174;22;4;118;2005-06-01;7077;115921.26
1232;14;10;4;345;2001-10-02;10288;222735.2
1233;100;10;4;545;2012-11-24;2935;51069
1234;193;15;4;184;2001-11-02;8468;69437.6
1235;85;11;10;273;2014-08-29;10309;291847.79
1236;128;14;4;581;2018-08-17;105;4414.2
1237;108;2;4;627;2002-12-06;3171;161594.16
1238;218;14;4;577;2006-01-06;4736;194744.32
1239;128;25;3;102;2002-05-08;10277;80057.83
1240;113;13;8;567;2017-06-22;10212;399697.68
1241;145;6;7;645;2017-06-23;11500;256910
1242;37;9;4;243;2007-11-16;5928;226805.28
1243;191;3;9;618;2011-05-24;116;5874.24
1244;224;22;4;114;2007-01-28;6904;213126.48
1245;224;10;4;271;2010-05-27;2240;23945.6
1246;238;13;4;580;2007-04-21;868;36603.56
1247;151;3;4;438;2013-08-06;9602;298814.24
1248;130;22;4;596;2017-10-23;72;3229.92
1249;178;21;11;558;2009-11-14;1528;49858.64
1250;23;26;4;258;2012-09-12;16;510.08
1251;38;26;4;306;2017-02-22;6867;161374.5
1252;137;11;4;191;2016-05-31;15;842.1
1253;240;25;2;514;2017-03-26;4925;97022.5
1254;92;26;4;474;2001-07-03;10293;137308.62
1255;166;18;4;448;2017-11-05;10607;312800.43
1256;193;5;4;465;2019-03-28;4229;195802.7
1257;42;18;2;433;2008-05-12;9868;70950.92
1258;223;20;10;208;2004-10-28;686;14968.52
1259;179;11;4;337;2011-08-09;11172;192270.12
1260;172;28;10;212;2013-04-13;4070;201546.4
1261;206;19;4;136;2002-04-01;1556;27167.76
1262;131;6;4;402;2005-09-30;1146;41336.22
1263;3;17;1;357;2007-03-20;7471;261186.16
1264;181;23;5;447;2003-10-29;6819;368430.57
1265;30;10;3;317;2002-12-24;9137;244962.97
1266;208;8;10;339;2013-06-15;11150;280534
1267;58;5;7;292;2000-09-13;5381;121556.79
1268;94;26;10;171;2007-02-25;956;27800.48
1269;52;22;4;159;2013-07-03;1234;61440.86
1270;3;24;4;221;2015-11-09;3860;186592.4
1271;176;19;4;289;2001-03-30;10745;346096.45
1272;108;6;12;180;2008-02-25;231;10903.2
1273;30;15;4;483;2017-11-18;7021;301130.69
1274;34;23;4;594;2010-03-25;4074;216451.62
1275;23;25;4;519;2006-05-27;8087;143463.38
1276;230;28;4;455;2005-06-26;4900;248332
1277;151;12;4;133;2016-02-02;5478;139031.64
1278;237;23;4;627;2012-01-15;414;10370.7
1279;57;20;4;445;2015-08-05;4786;270552.58
1280;236;10;5;149;2002-05-27;11917;344520.47
1281;157;10;4;484;2005-09-26;6413;120692.66
1282;233;16;2;305;2014-02-07;7865;399148.75
1283;68;25;6;454;2007-03-02;2270;23154
1284;7;24;4;112;2008-09-03;3354;48968.4
1285;53;29;2;254;2015-03-20;5361;101269.29
1286;110;24;4;309;2016-11-20;7617;236127
1287;165;30;4;525;2009-06-27;3547;179903.84
1288;160;3;4;196;2014-07-26;7169;257940.62
1289;153;6;8;475;2015-09-22;2547;22082.49
1290;167;17;4;358;2007-12-08;2186;104206.62
1291;63;21;4;169;2018-01-10;11086;74941.36
1292;207;15;4;200;2010-12-07;2813;44951.74
1293;51;18;4;527;2011-07-21;7425;112785.75
1294;37;7;12;312;2006-01-18;1656;47941.2
1295;214;15;4;401;2019-04-28;11056;165508.32
1296;168;30;6;193;2013-09-15;10594;547180.1
1297;43;11;6;346;2000-08-17;2911;56735.39
1298;187;21;5;496;2012-12-30;6258;326855.34
1299;204;7;4;465;2007-03-21;1177;37405.06
1300;198;15;6;613;2009-01-09;7693;77699.3
1301;50;25;11;377;2011-11-28;10395;566423.55
1302;115;7;4;285;2015-05-09;3554;117957.26
1303;199;23;6;539;2004-01-28;6785;222548
1304;42;18;4;240;2006-06-13;2182;63081.62
1305;101;21;4;228;2004-08-26;9456;348359.04
1306;67;6;1;143;2018-06-08;717;20613.75
1307;119;11;6;148;2011-09-19;5391;176070.06
1308;43;7;4;494;2014-04-14;8459;437161.12
1309;40;12;3;120;2019-11-25;11667;197288.97
1310;141;3;10;221;2003-08-23;3498;61564.8
1311;190;22;4;438;2012-10-28;1150;14329
1312;54;12;1;272;2005-07-09;7505;143045.3
1313;161;24;6;135;2011-09-04;9315;83835
1314;175;30;1;541;2016-10-30;10162;76519.86
1315;111;21;4;386;2018-08-25;3303;43830.81
1316;56;24;6;175;2012-06-29;5576;81521.12
1317;64;1;9;369;2002-09-25;10631;367619.98
1318;80;14;4;617;2006-10-07;4224;169466.88
1319;96;1;4;435;2003-02-18;7091;367597.44
1320;72;3;6;590;2003-12-06;10514;77803.6
1321;118;10;4;329;2016-10-08;1443;27402.57
1322;47;28;1;619;2011-06-21;4833;47411.73
1323;153;29;4;608;2011-04-14;9560;262422
1324;155;10;4;372;2010-03-03;9012;186728.64
1325;180;21;6;287;2010-08-29;4067;62631.8
1326;132;5;10;269;2003-12-28;6410;301526.4
1327;171;27;3;171;2016-11-28;11184;364262.88
1328;145;16;4;461;2015-10-09;11177;197944.67
1329;225;22;6;502;2008-09-26;2927;145910.95
1330;106;21;8;138;2017-05-26;2095;18855
1331;7;10;4;274;2007-07-11;5002;255902.32
1332;166;22;5;624;2011-02-17;9352;387172.8
1333;143;15;4;279;2006-11-19;2909;101524.1
1334;110;5;3;602;2015-12-03;6455;61064.3
1335;164;11;3;468;2009-01-30;4460;48837
1336;163;20;8;398;2002-05-15;11124;316032.84
1337;77;5;4;568;2009-04-12;2661;130681.71
1338;23;4;4;156;2010-09-02;9472;209615.36
1339;233;12;4;491;2018-03-15;6251;326614.75
1340;157;21;4;434;2007-10-10;7978;408952.28
1341;56;22;11;118;2013-08-10;9335;476458.4
1342;220;22;4;438;2008-07-24;10095;162024.75
1343;107;22;6;588;2002-11-13;677;17473.37
1344;141;29;11;531;2008-05-31;3519;83365.11
1345;63;1;8;557;2003-09-30;6350;253746
1346;137;30;4;307;2017-04-06;10098;561145.86
1347;4;20;4;612;2007-11-27;2387;99895.95
1348;64;27;7;631;2018-11-25;6900;272481
1349;46;28;4;208;2018-06-05;10348;218135.84
1350;78;29;4;170;2006-09-12;9773;194580.43
1351;207;5;4;528;2003-03-29;6841;275213.43
1352;236;13;4;609;2017-02-01;4993;137007.92
1353;226;13;6;480;2001-06-17;11114;202941.64
1354;47;21;4;504;2000-01-06;3961;199357.13
1355;27;12;4;650;2007-01-08;3002;68385.56
1356;160;6;6;542;2019-09-30;8704;270259.2
1357;83;7;7;284;2013-09-20;3601;153330.58
1358;121;15;4;338;2017-03-29;11269;203968.9
1359;235;3;4;465;2005-10-20;5007;186711.03
1360;107;11;2;617;2011-05-31;10738;177606.52
1361;223;30;4;586;2014-08-06;10477;79310.89
1362;165;18;6;420;2006-12-26;321;16679.16
1363;101;23;4;479;2005-01-20;5075;214520.25
1364;221;27;4;551;2013-05-24;774;39040.56
1365;90;13;4;350;2006-01-10;8212;436632.04
1366;160;4;6;121;2011-09-14;5013;197211.42
1367;72;24;2;503;2007-07-15;11219;119818.92
1368;193;26;4;389;2002-06-06;8160;339129.6
1369;86;9;4;616;2014-02-02;2654;133416.58
1370;146;30;4;289;2009-09-17;4747;234501.8
1371;166;20;5;162;2010-10-07;5189;60659.41
1372;28;21;4;464;2013-08-17;7551;183715.83
1373;64;29;4;425;2007-07-25;292;5463.32
1374;224;7;6;351;2002-03-03;4825;185859
1375;84;5;4;554;2019-12-30;9728;462371.84
1376;27;13;4;610;2004-05-11;7015;361272.5
1377;223;28;6;131;2002-08-21;6514;36738.96
1378;86;6;6;216;2016-10-15;6879;286579.14
1379;40;22;6;294;2015-04-30;10649;364834.74
1380;160;2;11;522;2008-03-08;11932;638958.6
1381;60;13;4;158;2014-10-26;1774;71368.02
1382;230;3;6;613;2000-01-01;6045;80156.7
1383;15;3;3;636;2000-11-10;8242;363472.2
1384;79;2;6;266;2015-05-20;5271;155020.11
1385;135;16;6;257;2003-01-06;10485;269883.9
1386;94;26;2;292;2013-09-30;3630;158812.5
1387;25;25;10;147;2015-10-13;5518;162394.74
1388;202;23;4;148;2015-01-19;7530;50300.4
1389;184;17;4;430;2011-11-01;9245;469923.35
1390;99;10;2;535;2010-11-25;10328;325125.44
1391;217;16;10;105;2002-01-08;5046;99658.5
1392;185;27;4;439;2002-09-02;407;10472.11
1393;234;22;3;327;2006-07-12;2786;74859.82
1394;23;28;10;638;2016-12-27;2020;85587.4
1395;94;14;4;530;2000-07-08;11299;166886.23
1396;97;28;6;104;2003-02-26;11436;498838.32
1397;150;13;4;372;2005-02-20;8236;179544.8
1398;233;11;4;537;2018-02-05;6540;157156.2
1399;29;11;6;300;2001-07-22;4243;153002.58
1400;205;6;4;599;2003-11-10;3063;90848.58
1401;29;8;4;611;2018-03-23;5016;255314.4
1402;65;14;11;361;2007-01-31;11967;642627.9
1403;229;24;3;240;2015-07-09;5111;185580.41
1404;206;15;10;522;2007-08-11;1786;35112.76
1405;202;17;4;200;2010-11-06;8452;270041.4
1406;110;24;11;323;2008-03-10;10881;273439.53
1407;32;7;5;363;2019-10-21;6106;220670.84
1408;114;29;4;590;2009-08-18;9340;500530.6
1409;29;8;10;497;2014-01-20;8864;223993.28
1410;56;29;5;650;2005-05-03;11692;104994.16
1411;43;14;4;598;2019-07-08;8217;214628.04
1412;155;4;4;492;2000-01-27;9169;440753.83
1413;40;26;11;559;2007-04-15;8099;415397.71
1414;221;16;12;447;2010-08-29;54;470.88
1415;169;26;6;405;2015-01-18;5121;269262.18
1416;59;9;4;398;2015-10-15;7349;153226.65
1417;22;21;4;602;2009-04-13;10635;238755.75
1418;95;18;4;291;2001-12-07;2791;19481.18
1419;20;26;4;260;2014-02-03;2233;98832.58
1420;139;25;2;355;2007-08-15;2538;90479.7
1421;189;18;3;206;2008-06-22;7653;85330.95
1422;25;12;4;119;2009-02-07;8351;161424.83
1423;32;26;6;173;2007-06-27;4556;182285.56
1424;59;4;4;304;2002-02-22;8891;331989.94
1425;143;9;5;360;2001-03-07;2734;50770.38
1426;208;13;4;171;2004-09-25;2790;83393.1
1427;67;9;4;497;2012-06-11;1733;50464.96
1428;92;27;4;380;2007-07-08;11088;198364.32
1429;32;2;4;459;2009-11-08;6225;74637.75
1430;171;25;5;382;2012-12-09;2347;108032.41
1431;65;12;6;504;2008-10-01;4098;200351.22
1432;239;12;2;399;2016-05-03;2962;118065.32
1433;113;17;6;305;2013-03-14;2781;41409.09
1434;72;16;8;562;2009-12-23;8850;58321.5
1435;61;18;4;238;2004-06-29;52;1836.64
1436;56;22;6;561;2009-09-29;10883;461112.71
1437;92;9;4;258;2010-01-23;1263;20485.86
1438;101;9;9;583;2013-12-03;8685;451446.3
1439;14;9;12;283;2018-05-14;7635;64134
1440;135;3;1;340;2000-12-05;874;13861.64
1441;11;30;10;403;2004-09-03;532;21024.64
1442;115;16;7;400;2007-01-26;21;1025.85
1443;53;17;6;530;2005-10-18;5960;156271.2
1444;104;29;6;338;2011-10-20;316;14024.08
1445;231;6;4;186;2003-09-23;5411;294466.62
1446;212;14;7;457;2017-07-15;9403;163518.17
1447;216;9;10;171;2015-11-16;2058;88267.62
1448;95;15;6;269;2013-11-22;8683;465235.14
1449;20;20;4;445;2014-01-11;1481;41601.29
1450;227;25;4;398;2009-12-09;282;12517.98
1451;99;22;4;287;2005-02-07;8573;266706.03
1452;162;3;4;146;2000-08-14;7566;124687.68
1453;100;3;6;600;2002-03-28;8265;185549.25
1454;20;21;4;543;2006-07-16;9419;221817.45
1455;36;27;4;153;2006-07-27;10630;402983.3
1456;43;17;4;139;2019-12-25;4021;88220.74
1457;166;21;3;203;2019-08-19;2231;71436.62
1458;220;13;4;618;2011-08-13;10576;200626.72
1459;188;17;4;497;2010-10-23;10830;87289.8
1460;232;12;4;301;2000-10-22;1104;47891.52
1461;233;3;12;508;2019-12-28;6492;131527.92
1462;160;1;4;242;2015-12-09;9305;211223.5
1463;229;5;4;334;2008-08-27;3705;65949
1464;223;6;6;326;2004-07-27;3654;185367.42
1465;14;8;6;329;2000-11-04;9489;421596.27
1466;92;27;6;352;2008-02-01;6274;152520.94
1467;238;30;6;369;2008-04-06;5027;213195.07
1468;53;21;10;617;2007-09-21;765;25841.7
1469;126;13;4;569;2018-07-05;2470;115843
1470;238;19;4;281;2013-01-29;1635;88944
1471;69;4;12;621;2011-01-27;8054;237190.3
1472;84;11;8;360;2002-09-24;3051;167499.9
1473;134;24;5;608;2013-10-20;5252;145900.56
1474;188;23;12;375;2006-01-05;11952;349715.52
1475;196;9;4;293;2002-04-17;7665;154219.8
1476;128;24;2;319;2016-03-27;6536;114118.56
1477;217;30;4;229;2005-02-14;527;19472.65
1478;235;28;6;151;2004-01-22;4462;50242.12
1479;49;1;9;165;2019-09-09;9943;61248.88
1480;237;17;4;532;2005-09-08;7357;153687.73
1481;39;24;6;255;2019-02-18;6286;81843.72
1482;179;27;12;130;2009-12-26;8187;90057
1483;62;24;4;206;2008-04-13;1292;53540.48
1484;210;30;4;126;2002-01-08;9816;330210.24
1485;204;1;4;611;2008-05-11;58;1006.88
1486;195;5;3;525;2007-01-28;6456;220536.96
1487;5;30;4;335;2001-04-19;5976;139659.12
1488;125;2;12;388;2015-02-03;8499;231767.73
1489;219;13;2;137;2009-04-20;449;3794.05
1490;114;16;12;120;2001-06-07;6174;289313.64
1491;133;4;4;540;2007-08-01;9091;153819.72
1492;78;12;3;365;2008-01-07;10002;247349.46
1493;28;22;4;542;2010-09-01;299;7152.08
1494;144;5;7;354;2008-12-05;5252;129987
1495;104;25;4;434;2004-10-04;6170;51025.9
1496;89;21;6;404;2001-12-19;8773;89396.87
1497;147;4;2;579;2006-03-21;6130;120148
1498;56;13;6;160;2008-07-22;9703;287402.86
1499;173;26;6;511;2005-12-10;9845;152105.25
1500;37;26;5;385;2000-06-13;1281;18305.49
1501;73;30;4;600;2003-04-07;9971;350680.07
1502;109;25;4;318;2006-03-16;9990;195004.8
1503;76;20;6;649;2017-11-13;5039;260717.86
1504;79;21;6;230;2008-12-23;963;51982.74
1505;73;15;4;434;2017-05-15;8080;406828
1506;159;30;4;570;2016-11-11;2409;105056.49
1507;57;3;6;113;2007-03-05;163;3370.84
1508;96;24;4;224;2004-05-01;3839;156746.37
1509;115;18;4;563;2007-11-10;10735;493380.6
1510;184;7;3;580;2007-09-27;8443;247211.04
1511;85;4;5;461;2016-06-29;8608;263232.64
1512;30;6;6;418;2018-06-11;336;14159.04
1513;1;7;2;513;2012-10-16;8110;180934.1
1514;45;22;4;620;2002-08-27;3782;29197.04
1515;173;16;4;162;2007-03-17;10876;596439.84
1516;98;7;5;642;2007-12-23;1133;57103.2
1517;174;2;6;281;2008-12-09;11088;522355.68
1518;208;27;5;181;2008-08-26;10992;458146.56
1519;60;15;1;294;2007-07-01;6854;80740.12
1520;32;7;4;458;2015-11-08;9794;549443.4
1521;149;5;12;634;2001-05-15;6502;361641.24
1522;192;19;2;142;2011-11-25;10697;391617.17
1523;122;6;6;519;2012-03-25;4422;70398.24
1524;139;23;12;643;2007-04-27;336;4710.72
1525;28;9;4;378;2010-06-12;9167;139246.73
1526;22;8;1;357;2017-07-13;5640;87138
1527;227;17;6;258;2005-10-12;77;3486.56
1528;232;18;4;335;2019-06-13;2914;65302.74
1529;123;17;6;200;2013-08-11;4347;228608.73
1530;233;8;4;377;2018-12-07;6486;59282.04
1531;90;9;4;613;2014-05-18;10378;530627.14
1532;165;14;11;249;2016-11-19;2320;75400
1533;5;7;12;358;2004-07-25;10854;222289.92
1534;31;5;8;470;2002-01-19;3300;77385
1535;69;13;4;353;2001-11-11;6235;173083.6
1536;53;8;10;268;2011-03-09;3480;115362
1537;17;30;4;574;2010-04-12;9213;171453.93
1538;212;23;10;199;2001-03-13;9443;419174.77
1539;199;6;4;140;2005-05-29;9492;315703.92
1540;134;28;6;267;2016-08-02;7037;327431.61
1541;45;1;6;486;2019-03-18;8618;431934.16
1542;51;10;4;339;2011-05-05;11818;224660.18
1543;157;8;3;351;2015-12-19;10182;272775.78
1544;221;24;4;531;2005-03-17;5444;159726.96
1545;200;7;11;470;2001-06-11;8942;270763.76
1546;11;21;4;282;2013-10-04;665;12555.2
1547;190;19;12;299;2013-09-21;6461;197318.94
1548;116;16;2;542;2006-02-03;1652;33370.4
1549;217;3;10;188;2009-03-26;8512;234675.84
1550;53;2;6;416;2013-02-11;3328;24926.72
1551;168;8;4;319;2017-11-07;7542;85752.54
1552;67;14;6;442;2014-09-28;5911;295195.34
1553;190;10;4;609;2012-07-17;10919;346678.25
1554;133;20;4;428;2012-04-07;7189;275626.26
1555;35;9;9;482;2003-06-20;3788;130951.16
1556;135;30;1;528;2015-02-11;845;39055.9
1557;229;11;4;585;2017-01-24;2658;50634.9
1558;106;14;2;293;2005-03-31;4209;27905.67
1559;235;26;4;425;2013-10-03;6797;147358.96
1560;72;28;9;505;2015-09-11;4459;36117.9
1561;84;3;12;642;2019-08-07;8776;325063.04
1562;71;8;7;306;2012-07-19;8728;319444.8
1563;196;13;4;413;2001-09-16;5593;96870.76
1564;133;4;9;263;2018-05-28;5464;176869.68
1565;157;16;4;264;2013-12-26;6638;162631
1566;148;30;4;198;2002-04-10;835;19430.45
1567;12;16;6;414;2003-04-18;1919;103107.87
1568;206;7;10;466;2003-10-06;2946;85434
1569;191;24;6;265;2003-08-15;3437;190203.58
1570;40;23;4;533;2010-04-29;7192;264737.52
1571;114;20;4;241;2000-03-09;8804;163490.28
1572;44;13;4;374;2015-08-19;995;16069.25
1573;168;15;4;401;2016-01-10;10926;547829.64
1574;58;28;4;649;2013-07-08;9891;455975.1
1575;184;1;7;212;2009-05-12;5186;123167.5
1576;1;29;10;514;2012-06-04;4473;76130.46
1577;151;19;4;154;2001-01-05;4096;37191.68
1578;127;27;2;642;2014-08-16;5649;287308.14
1579;116;21;12;417;2015-12-02;6542;83737.6
1580;12;6;6;281;2010-01-19;9688;172446.4
1581;118;24;8;181;2011-09-13;4437;124280.37
1582;154;4;6;471;2007-03-30;4562;56066.98
1583;2;8;4;616;2000-10-11;922;32933.84
1584;107;25;4;396;2006-11-11;11384;457067.6
1585;120;24;5;404;2012-03-21;1022;12212.9
1586;47;27;4;454;2008-11-21;10249;60469.1
1587;145;1;4;406;2009-08-06;7764;432144.24
1588;75;8;4;646;2017-10-24;10794;141185.52
1589;134;24;4;194;2002-06-17;10958;462427.6
1590;10;20;6;374;2013-02-01;925;31912.5
1591;177;23;4;161;2014-08-27;7278;279256.86
1592;44;14;6;298;2019-05-31;8179;449599.63
1593;237;26;4;196;2011-11-19;5102;33928.3
1594;118;17;4;203;2010-06-01;1451;40323.29
1595;21;10;4;446;2005-10-07;572;12155
1596;81;23;4;552;2006-07-20;3568;59656.96
1597;81;27;6;447;2008-05-12;1449;9070.74
1598;122;5;10;428;2016-09-20;5138;39151.56
1599;140;18;4;570;2004-12-10;7985;191160.9
1600;7;8;6;534;2017-06-14;11994;253433.22
1601;15;28;12;181;2008-08-11;11130;542921.4
1602;205;22;3;230;2011-08-03;11758;504065.46
1603;191;19;4;258;2003-04-23;1603;49917.42
1604;132;5;4;620;2008-04-08;9097;208958.09
1605;76;12;4;628;2004-03-01;2145;38352.6
1606;222;27;4;171;2011-10-02;4593;174809.58
1607;97;22;6;253;2012-10-04;2148;68800.44
1608;118;21;6;527;2009-12-21;1919;60928.25
1609;122;30;4;318;2004-02-05;384;14515.2
1610;80;28;6;167;2005-01-27;1950;37245
1611;220;10;10;393;2019-10-07;4227;37535.76
1612;203;17;12;633;2016-07-27;2283;127368.57
1613;54;10;4;164;2002-02-15;887;41529.34
1614;142;3;4;117;2018-11-17;8465;239051.6
1615;193;13;4;208;2008-07-03;2812;49322.48
1616;48;26;4;615;2002-12-28;11088;268773.12
1617;109;9;4;422;2014-02-08;9696;422454.72
1618;63;10;4;199;2012-04-17;11352;66636.24
1619;33;28;4;545;2006-10-24;1406;11107.4
1620;210;27;6;603;2013-01-19;6567;368343.03
1621;56;21;10;438;2014-08-29;7117;397697.96
1622;119;9;6;448;2019-04-19;1213;65732.47
1623;47;11;7;557;2019-03-11;6878;214524.82
1624;63;4;3;166;2008-11-24;9899;191545.65
1625;77;3;6;324;2019-05-31;7005;73762.65
1626;23;26;2;236;2005-06-08;4787;212973.63
1627;154;25;4;209;2002-07-01;10495;150393.35
1628;2;18;4;539;2001-10-09;6404;248283.08
1629;216;25;8;130;2006-12-17;11556;442825.92
1630;116;29;6;191;2015-01-14;1355;10433.5
1631;233;26;6;611;2011-05-02;425;6009.5
1632;79;15;4;481;2017-07-10;4891;181358.28
1633;134;9;4;600;2003-04-23;11690;264427.8
1634;37;27;4;558;2007-04-02;1748;69692.76
1635;184;8;4;345;2001-10-26;11869;511079.14
1636;133;8;7;154;2004-04-01;10701;394652.88
1637;88;1;10;573;2010-05-15;11379;227580
1638;30;11;4;267;2018-03-10;11245;256948.25
1639;118;21;4;378;2004-11-20;723;35499.3
1640;143;27;4;469;2012-08-28;1303;33421.95
1641;49;23;6;162;2013-12-18;16;654.08
1642;236;28;11;514;2019-10-23;7370;168920.4
1643;214;14;4;538;2009-08-26;187;4841.43
1644;83;27;4;540;2010-03-23;11476;473155.48
1645;163;13;9;575;2019-05-24;6655;209965.25
1646;219;28;4;457;2007-07-15;9966;206196.54
1647;5;20;7;393;2011-10-02;9935;168596.95
1648;131;15;8;238;2000-02-08;2193;21228.24
1649;129;28;4;182;2006-12-10;660;27885
1650;185;23;4;222;2011-05-05;2336;16445.44
1651;202;4;6;332;2015-10-29;4885;268919.25
1652;42;10;1;180;2013-12-05;6200;180420
1653;70;17;10;385;2003-09-11;646;7403.16
1654;7;2;5;276;2015-12-23;5207;36292.79
1655;185;28;4;583;2005-06-17;992;23272.32
1656;68;21;11;252;2006-08-07;5301;293410.35
1657;230;1;4;496;2009-07-09;4206;124371.42
1658;119;26;8;282;2002-01-13;2678;111431.58
1659;86;21;4;194;2004-11-23;3323;118664.33
1660;161;23;8;515;2003-06-14;6830;296490.3
1661;162;6;4;374;2009-07-22;8634;275079.24
1662;239;16;7;105;2003-01-17;8351;329697.48
1663;78;19;3;134;2001-07-14;6736;305612.32
1664;102;11;4;301;2019-07-28;8670;352175.4
1665;4;22;4;347;2013-09-07;3266;61596.76
1666;198;13;4;413;2017-07-24;6192;74799.36
1667;121;12;7;496;2002-04-29;495;27769.5
1668;69;17;4;158;2002-02-10;307;16737.64
1669;206;16;4;353;2019-07-17;9818;396058.12
1670;202;6;6;640;2001-01-23;9592;146757.6
1671;38;10;4;559;2019-03-26;9236;142511.48
1672;71;4;10;383;2012-11-23;11500;69345
1673;149;25;8;505;2019-07-30;2511;82511.46
1674;154;11;2;377;2000-10-28;97;1662.58
1675;99;27;4;556;2010-04-02;1808;29868.16
1676;119;21;3;605;2006-08-26;443;14344.34
1677;111;1;4;389;2015-03-17;10804;189610.2
1678;165;19;6;552;2009-11-04;7804;345092.88
1679;201;22;6;460;2001-12-22;6829;133643.53
1680;61;9;7;398;2016-02-15;8621;363547.57
1681;215;5;4;494;2007-04-13;10694;186717.24
1682;16;6;9;332;2016-01-01;923;14204.97
1683;227;21;6;278;2016-02-10;6829;293032.39
1684;233;24;7;273;2005-06-30;4052;207300.32
1685;80;8;5;359;2001-06-16;11556;567168.48
1686;12;23;4;337;2013-06-13;9357;390186.9
1687;123;30;4;396;2002-04-20;549;20576.52
1688;102;5;5;354;2009-07-26;2190;24834.6
1689;103;13;4;528;2004-04-11;4441;106894.87
1690;209;26;4;219;2017-05-03;7474;350605.34
1691;86;25;6;467;2013-05-26;10088;179566.4
1692;107;18;4;256;2016-10-15;7374;390822
1693;218;1;6;206;2002-07-02;114;4402.68
1694;232;8;4;604;2018-07-01;1769;29365.4
1695;193;11;3;576;2000-02-11;4367;160880.28
1696;236;12;4;208;2012-02-25;7855;253245.2
1697;31;4;4;273;2004-05-07;4905;136604.25
1698;35;26;4;299;2006-08-21;7174;155819.28
1699;84;4;8;545;2009-06-15;11947;275856.23
1700;135;12;12;611;2012-02-27;4329;66753.18
1701;4;13;7;500;2011-01-22;601;21551.86
1702;185;29;8;314;2017-02-15;2478;39424.98
1703;95;24;4;547;2016-05-03;5014;28479.52
1704;132;1;4;364;2007-08-13;1096;41439.76
1705;213;16;12;494;2013-12-15;10566;194625.72
1706;110;25;4;209;2003-04-23;3906;192565.8
1707;28;30;4;308;2007-10-11;8973;353267.01
1708;64;10;4;625;2017-03-25;6560;187681.6
1709;60;5;2;371;2002-11-01;6082;256903.68
1710;70;19;6;220;2014-10-02;7942;166543.74
1711;201;11;3;343;2007-02-11;9834;255782.34
1712;156;4;5;486;2014-09-03;10712;562594.24
1713;15;4;4;519;2009-08-26;7253;70789.28
1714;6;29;6;624;2006-03-02;6165;115717.05
1715;60;29;4;428;2010-10-18;5432;261659.44
1716;218;21;4;331;2008-06-02;9947;158157.3
1717;240;8;4;537;2011-06-14;5558;124777.1
1718;13;27;4;204;2011-03-23;11640;438478.8
1719;96;18;4;582;2004-07-20;7362;158209.38
1720;25;18;12;419;2003-06-22;3524;98354.84
1721;22;9;4;254;2015-11-29;1542;66984.48
1722;130;13;4;293;2003-12-17;11953;96341.18
1723;34;29;11;436;2009-04-10;7189;391800.5
1724;233;3;6;360;2017-02-14;5156;77030.64
1725;53;10;6;475;2018-12-05;9884;187499.48
1726;98;16;6;188;2013-02-22;586;30173.14
1727;29;18;4;482;2005-02-12;2973;96206.28
1728;87;30;4;320;2016-11-16;10355;419895.25
1729;160;29;4;144;2000-12-17;7742;169317.54
1730;116;26;7;198;2013-10-13;3651;145565.37
1731;97;30;4;150;2007-03-02;6360;314120.4
1732;164;7;6;109;2014-03-24;6552;292546.8
1733;143;25;1;469;2006-11-19;2166;19775.58
1734;235;5;4;597;2018-08-31;10730;217604.4
1735;145;2;4;335;2018-09-26;8422;154206.82
1736;105;26;4;192;2012-08-26;2950;119888
1737;129;23;10;594;2006-09-18;11189;215612.03
1738;15;16;3;467;2010-11-22;1135;26513.6
1739;67;14;11;322;2014-05-01;3948;133679.28
1740;112;14;1;150;2002-02-09;8825;473196.5
1741;240;18;1;208;2011-12-17;11663;201886.53
1742;169;14;4;550;2005-01-14;1431;22867.38
1743;136;4;4;224;2000-12-06;5912;294417.6
1744;42;30;4;398;2010-01-11;10851;218973.18
1745;214;14;12;595;2002-07-14;4324;86912.4
1746;29;27;4;102;2009-05-08;8841;100168.53
1747;134;2;4;328;2018-12-25;4085;170875.55
1748;10;26;6;412;2004-06-29;9329;242180.84
1749;51;30;6;201;2009-06-12;9701;232629.98
1750;157;11;6;181;2016-01-24;8482;216545.46
1751;229;7;8;105;2007-05-11;5378;158866.12
1752;124;26;4;166;2001-05-27;3655;90168.85
1753;194;15;5;190;2019-05-24;945;44055.9
1754;172;9;4;585;2003-03-07;9138;316814.46
1755;105;12;4;388;2000-01-24;3365;80255.25
1756;44;16;4;183;2007-02-14;7095;213559.5
1757;83;19;4;621;2000-01-04;5752;292201.6
1758;61;15;4;198;2017-07-15;9328;116879.84
1759;3;26;4;603;2012-04-16;4952;201051.2
1760;37;4;4;145;2009-09-18;3918;26838.3
1761;14;25;11;595;2014-06-25;8303;402944.59
1762;86;27;4;255;2003-04-01;6877;301693.99
1763;30;29;4;280;2011-02-12;4866;265683.6
1764;142;18;1;590;2009-10-31;7428;392421.24
1765;49;3;3;210;2019-12-30;4296;38148.48
1766;176;12;4;174;2011-02-09;5214;166430.88
1767;12;25;4;141;2001-07-25;853;27705.44
1768;182;19;4;181;2000-07-13;4776;169548
1769;232;7;8;275;2014-09-10;8269;459839.09
1770;162;25;6;470;2018-10-09;8549;287075.42
1771;48;18;6;622;2014-11-30;10331;512520.91
1772;38;1;4;349;2001-07-11;8338;273653.16
1773;122;25;4;541;2014-09-10;5448;149820
1774;182;12;7;356;2013-07-23;256;10250.24
1775;96;9;4;219;2015-01-11;4334;148656.2
1776;118;1;4;234;2000-06-16;6656;49587.2
1777;104;21;4;620;2008-06-10;8363;198453.99
1778;14;16;3;286;2004-02-13;9459;237893.85
1779;111;25;6;421;2015-05-22;11936;214609.28
1780;116;23;7;266;2017-05-15;2341;91696.97
1781;74;21;6;525;2011-11-17;2198;15671.74
1782;80;22;6;268;2002-09-08;3517;188089.16
1783;217;9;6;532;2013-10-09;6874;343768.74
1784;113;3;4;561;2005-09-23;4291;32439.96
1785;56;14;3;546;2012-06-26;4075;39527.5
1786;33;8;8;380;2000-11-03;7446;374533.8
1787;88;24;2;536;2012-11-16;6796;290257.16
1788;200;24;2;461;2016-04-16;8810;392397.4
1789;117;17;4;299;2006-03-22;11577;383777.55
1790;77;9;6;101;2019-03-28;10220;307111
1791;191;24;11;135;2000-01-16;8482;319941.04
1792;58;25;1;382;2015-08-30;5564;216439.6
1793;38;22;4;384;2012-01-07;7390;109519.8
1794;187;2;11;208;2011-08-30;11576;502745.68
1795;88;7;12;116;2006-05-01;7761;437875.62
1796;27;28;6;331;2003-04-03;1089;59274.27
1797;175;16;10;234;2019-07-16;11828;432431.68
1798;233;25;4;641;2012-09-24;11943;379190.25
1799;1;18;4;275;2015-12-07;11790;103752
1800;24;29;11;588;2017-01-02;993;6454.5
1801;26;20;4;319;2001-04-05;8570;350855.8
1802;141;17;9;457;2014-07-28;2474;47055.48
1803;140;10;4;451;2019-05-14;6022;254610.16
1804;229;17;5;526;2017-03-14;5895;176850
1805;130;16;5;600;2005-03-22;2702;146475.42
1806;174;3;4;119;2016-07-14;1342;23136.08
1807;185;15;4;486;2008-03-07;1120;47499.2
1808;140;9;4;591;2007-12-03;3273;138251.52
1809;105;29;11;324;2005-04-15;5633;105337.1
1810;49;8;8;648;2001-10-12;5379;132108.24
1811;138;29;12;262;2000-12-15;7596;193622.04
1812;73;1;12;162;2007-03-05;3052;91041.16
1813;20;22;4;107;2003-02-05;8188;278801.4
1814;160;8;10;104;2014-06-30;1004;21365.12
1815;210;21;1;337;2019-04-24;678;30889.68
1816;160;1;4;466;2017-01-22;9310;344283.8
1817;187;26;10;353;2003-04-01;8495;50120.5
1818;77;1;4;633;2009-10-26;6144;135598.08
1819;68;27;6;208;2018-10-24;10025;407716.75
1820;88;2;4;140;2006-02-09;7927;345379.39
1821;98;12;10;591;2000-03-08;11405;142676.55
1822;80;4;4;639;2008-10-22;608;33774.4
1823;179;3;6;479;2016-07-19;3755;43820.85
1824;157;23;4;504;2014-12-20;952;30797.2
1825;131;23;3;424;2005-03-01;5969;290451.54
1826;153;6;4;283;2001-09-15;11929;386022.44
1827;194;20;6;468;2004-09-23;337;11872.51
1828;239;21;4;322;2005-03-12;2390;61781.5
1829;157;24;4;130;2006-10-22;4177;82746.37
1830;135;11;5;571;2018-11-23;10507;381929.45
1831;136;21;6;486;2007-04-13;3655;28764.85
1832;106;7;4;304;2008-02-23;413;15859.2
1833;163;15;12;574;2004-11-01;6275;103161
1834;75;14;6;171;2014-07-23;7763;122965.92
1835;6;21;6;450;2006-12-04;8318;60721.4
1836;52;4;1;555;2017-03-22;6075;206550
1837;188;21;4;542;2009-01-01;8919;283089.06
1838;134;30;4;106;2001-12-12;5724;102459.6
1839;181;15;4;300;2019-09-04;2980;41809.4
1840;170;26;4;630;2009-07-06;6760;251066.4
1841;235;29;4;426;2000-09-04;344;14595.92
1842;180;2;6;317;2011-02-12;7548;395666.16
1843;93;13;7;369;2004-01-10;8591;331956.24
1844;75;5;3;172;2011-08-12;357;15340.29
1845;180;27;10;303;2014-06-29;3810;200177.4
1846;93;22;8;621;2005-12-17;8480;410771.2
1847;42;28;4;154;2003-05-07;5481;239958.18
1848;39;20;4;110;2008-02-04;959;15622.11
1849;103;12;4;300;2007-05-18;1936;60209.6
1850;171;18;5;110;2016-11-13;3760;60423.2
1851;189;14;4;276;2012-03-23;3221;140081.29
1852;90;19;4;511;2012-08-22;596;13129.88
1853;126;10;7;397;2015-08-02;2550;66835.5
1854;163;4;12;115;2007-12-06;4743;234256.77
1855;211;13;9;181;2015-06-17;4131;135909.9
1856;186;26;4;634;2013-05-01;9029;179045.07
1857;126;24;4;444;2006-01-20;2061;60902.55
1858;87;25;12;335;2000-07-03;2716;153209.56
1859;151;28;4;461;2004-11-25;8513;226275.54
1860;157;27;6;522;2009-04-29;2602;89664.92
1861;95;7;4;472;2014-06-30;3179;149699.11
1862;75;5;4;622;2012-03-01;8228;207510.16
1863;192;23;4;500;2006-10-30;10388;169428.28
1864;190;23;4;316;2006-03-13;11531;601226.34
1865;155;5;4;184;2000-01-06;6426;193358.34
1866;145;1;6;490;2003-05-26;9487;219149.7
1867;123;20;6;582;2005-06-07;6119;174452.69
1868;55;16;4;639;2018-07-15;10634;246177.1
1869;7;17;4;106;2018-10-24;9167;366680
1870;63;10;3;547;2008-06-24;916;16139.92
1871;100;25;4;255;2005-04-09;2401;52125.71
1872;192;20;4;507;2015-07-23;3804;197579.76
1873;109;7;8;218;2016-10-23;10743;329380.38
1874;135;19;4;265;2001-03-02;2025;98070.75
1875;17;28;4;544;2004-08-20;895;37867.45
1876;206;8;4;437;2005-11-04;5497;42491.81
1877;118;15;4;490;2002-04-22;9034;281228.42
1878;147;24;4;615;2010-05-26;10209;77996.76
1879;101;7;6;110;2013-02-25;3529;121115.28
1880;34;25;4;215;2007-05-17;7021;360949.61
1881;141;28;10;380;2001-09-05;8965;85974.35
1882;99;4;9;622;2005-03-08;6748;245897.12
1883;204;25;6;329;2010-04-20;204;3239.52
1884;19;24;10;450;2001-10-30;4197;236417.01
1885;62;14;4;648;2001-06-04;514;14371.44
1886;189;13;6;444;2018-06-18;4509;234873.81
1887;154;18;12;305;2004-08-10;8190;174692.7
1888;75;12;12;430;2011-02-09;3009;52747.77
1889;237;25;4;573;2003-07-21;6688;351253.76
1890;230;7;4;281;2009-03-04;4023;146517.66
1891;150;24;4;378;2016-05-23;11430;593217
1892;147;2;6;155;2013-01-02;1781;13660.27
1893;39;15;6;241;2006-05-16;95;2435.8
1894;206;30;3;455;2010-12-29;11595;377185.35
1895;203;3;4;387;2000-08-06;689;22881.69
1896;93;28;4;595;2003-01-15;11956;576877
1897;34;24;4;304;2009-07-21;5036;159943.36
1898;216;27;4;148;2014-11-27;11184;308566.56
1899;138;24;4;636;2013-08-14;29;1505.1
1900;82;7;3;112;2019-10-12;3002;70787.16
1901;121;18;7;262;2010-12-24;8416;439988.48
1902;203;15;4;233;2001-09-01;768;29644.8
1903;21;28;4;218;2014-03-20;3125;32093.75
1904;171;29;3;201;2016-06-05;10784;304755.84
1905;178;21;6;365;2018-02-16;7619;45942.57
1906;164;27;1;346;2004-01-25;2600;133796
1907;136;10;4;175;2003-08-17;10174;171940.6
1908;86;11;6;498;2010-03-20;6479;302180.56
1909;35;18;12;373;2018-09-11;5182;118667.8
1910;226;18;4;151;2000-01-18;10851;361772.34
1911;176;9;4;541;2017-03-08;4812;117220.32
1912;130;3;4;204;2003-07-18;3835;129009.4
1913;66;22;6;345;2018-07-13;7839;235718.73
1914;87;5;4;373;2007-08-08;1459;17960.29
1915;224;12;11;122;2012-11-06;9355;448478.7
1916;61;8;1;621;2017-12-26;6617;178526.66
1917;185;7;6;378;2016-03-24;7683;169794.3
1918;133;2;3;205;2011-04-16;10442;120396.26
1919;159;28;4;606;2017-12-23;2098;73597.84
1920;95;19;4;514;2016-03-21;4398;163737.54
1921;222;21;4;186;2018-12-09;465;10504.35
1922;205;2;6;525;2000-09-27;10057;269829.31
1923;103;27;10;645;2018-12-22;5837;322260.77
1924;226;2;5;106;2009-09-23;11790;587849.4
1925;124;13;8;369;2010-10-02;3801;114600.15
1926;25;19;6;309;2012-07-18;3506;45297.52
1927;125;24;4;523;2000-11-11;5839;133829.88
1928;158;7;7;161;2009-06-01;8774;98444.28
1929;144;8;6;203;2009-10-02;7354;169950.94
1930;155;11;1;397;2005-09-13;10605;544566.75
1931;238;1;4;605;2014-04-24;7595;253369.2
1932;13;8;4;200;2004-12-11;6664;46514.72
1933;153;10;1;372;2002-04-18;2836;96509.08
1934;226;27;5;350;2019-10-20;2657;114065.01
1935;219;6;4;600;2003-01-05;490;26959.8
1936;86;1;9;331;2013-04-23;5514;193100.28
1937;194;25;4;246;2002-09-14;827;35933.15
1938;162;7;9;291;2013-08-28;6715;113953.55
1939;180;8;4;277;2010-05-14;10412;78402.36
1940;172;3;4;643;2014-04-25;3006;167313.96
1941;33;7;4;238;2005-04-25;11984;379173.76
1942;31;18;6;372;2013-07-02;5889;245217.96
1943;153;15;4;375;2005-08-29;4745;105196.65
1944;134;30;4;640;2018-08-25;670;11256
1945;223;30;4;480;2017-06-28;1698;77191.08
1946;234;19;8;390;2010-11-30;1063;48664.14
1947;92;28;4;529;2001-11-05;10401;563734.2
1948;223;21;4;429;2018-05-28;3239;181481.17
1949;157;27;4;106;2002-07-08;847;35794.22
1950;193;3;6;268;2010-11-09;6529;188231.07
1951;45;21;4;373;2014-08-06;432;8320.32
1952;37;24;4;448;2008-11-03;7312;203127.36
1953;202;17;4;588;2003-08-30;6154;318777.2
1954;31;6;6;277;2018-03-07;3211;142857.39
1955;16;19;4;126;2010-01-01;9457;187154.03
1956;222;7;4;494;2000-08-03;3715;42351
1957;229;10;4;182;2001-10-18;8934;467516.22
1958;43;25;4;458;2018-02-18;2230;95444
1959;209;19;4;577;2009-03-25;8178;158080.74
1960;126;11;4;542;2003-02-19;450;15057
1961;83;26;4;315;2017-05-22;3031;28521.71
1962;25;25;4;601;2017-12-27;3564;105138
1963;25;13;6;558;2005-09-09;8622;132089.04
1964;169;26;6;209;2016-02-09;5127;179291.19
1965;14;5;11;578;2007-01-07;5044;47312.72
1966;172;29;4;140;2000-05-19;1072;30862.88
1967;24;18;11;132;2013-02-18;5506;226626.96
1968;96;21;4;327;2008-12-08;3612;179010.72
1969;187;21;9;377;2016-07-08;9202;260508.62
1970;19;16;4;330;2018-10-17;11552;397157.76
1971;199;30;4;311;2018-06-13;6739;43736.11
1972;57;22;4;431;2009-12-22;4089;142051.86
1973;210;14;4;267;2014-04-22;4142;71159.56
1974;3;20;4;381;2005-02-24;2547;49691.97
1975;27;26;7;466;2008-01-14;9095;313231.8
1976;98;30;3;360;2012-01-28;4015;136630.45
1977;46;23;12;186;2016-12-06;7571;172997.35
1978;4;19;4;107;2019-07-26;10107;416509.47
1979;181;10;4;638;2015-08-20;1872;32404.32
1980;2;29;9;453;2007-01-15;329;10162.81
1981;183;4;4;564;2018-01-16;205;2824.9
1982;204;1;10;499;2004-03-09;568;22560.96
1983;169;28;12;122;2015-01-24;3675;72507.75
1984;1;25;7;366;2000-10-10;10239;261913.62
1985;196;26;4;474;2008-03-02;6006;222101.88
1986;55;16;4;583;2000-03-13;2206;41009.54
1987;65;20;4;225;2002-05-12;6409;271869.78
1988;137;4;4;320;2004-01-14;11336;566346.56
1989;53;17;4;328;2001-03-16;1334;49851.58
1990;221;29;4;313;2001-03-24;4415;134966.55
1991;58;4;4;164;2006-02-28;5866;98431.48
1992;53;18;4;231;2010-06-19;8809;162349.87
1993;159;12;4;341;2000-09-11;8956;119383.48
1994;88;25;6;354;2004-07-07;2080;94993.6
1995;63;22;4;182;2012-05-28;8721;67849.38
1996;136;29;9;607;2002-05-17;10234;268540.16
1997;186;21;4;474;2013-08-24;2103;106559.01
1998;73;24;1;399;2007-10-05;6788;300708.4
1999;57;5;4;232;2011-02-18;1418;60179.92
2000;223;20;4;533;2015-12-30;3677;156346.04
2001;192;7;4;454;2011-07-01;7128;55740.96
2002;162;5;4;350;2004-01-25;3915;125436.6
2003;76;12;4;246;2000-05-09;5393;248347.65
2004;237;12;9;284;2000-05-20;535;21223.45
2005;17;14;4;479;2003-09-26;1615;35433.1
2006;232;9;2;260;2013-12-21;5083;67603.9
2007;215;16;9;398;2004-12-03;1160;64136.4
2008;57;6;6;324;2005-08-20;2094;82964.28
2009;108;6;6;462;2013-01-03;4518;215011.62
2010;30;26;6;560;2000-06-07;2920;101294.8
2011;230;2;4;513;2017-06-23;921;23227.62
2012;60;1;4;310;2006-05-27;7956;163734.48
2013;198;3;9;411;2016-11-13;3770;192910.9
2014;235;15;4;333;2019-02-22;4023;162488.97
2015;233;30;4;614;2016-05-13;5309;60841.14
2016;111;12;6;138;2008-08-02;11792;444322.56
2017;216;2;4;527;2012-06-24;8300;394001
2018;200;10;4;588;2000-06-22;3080;114822.4
2019;135;15;4;500;2010-09-01;4808;194387.44
2020;43;9;6;316;2005-07-15;794;20913.96
2021;144;21;11;243;2004-05-22;2879;24039.65
2022;133;18;9;560;2000-01-29;1816;85370.16
2023;173;8;4;384;2017-08-29;337;3969.86
2024;158;11;4;143;2017-09-07;11743;637057.75
2025;67;24;4;512;2003-02-24;3686;193367.56
2026;98;14;6;543;2010-10-02;7320;120780
2027;198;30;6;562;2002-01-07;10810;561795.7
2028;100;16;9;391;2010-08-21;3366;189909.72
2029;84;3;4;488;2014-12-15;8185;300553.2
2030;129;15;6;623;2017-12-20;565;31685.2
2031;180;1;9;471;2013-10-30;8128;133949.44
2032;170;21;6;155;2005-06-13;6527;193003.39
2033;226;2;4;324;2001-12-16;9477;139880.52
2034;127;30;4;280;2018-03-06;1049;39127.7
2035;104;2;1;470;2013-01-22;2306;30346.96
2036;195;9;3;257;2018-07-09;9896;211081.68
2037;13;6;4;122;2019-11-05;2868;150512.64
2038;238;28;4;335;2016-08-01;7281;306457.29
2039;27;26;11;193;2012-08-26;6018;273819
2040;77;18;4;285;2014-05-06;2479;54488.42
2041;160;4;6;225;2001-10-20;1715;87585.05
2042;210;19;4;385;2011-06-27;5652;175494.6
2043;220;20;6;492;2017-06-14;10540;189825.4
2044;65;10;9;296;2014-09-30;753;8215.23
2045;234;18;4;424;2013-06-21;10453;455750.8
2046;203;26;4;131;2012-11-26;11488;244579.52
2047;152;9;4;327;2013-09-25;10916;563811.4
2048;134;1;1;237;2012-05-08;10110;199470.3
2049;130;29;11;619;2012-03-05;5967;168567.75
2050;70;26;4;542;2010-06-07;10923;518514.81
2051;216;8;4;619;2000-10-14;11672;575429.6
2052;231;30;11;450;2008-03-16;7086;176866.56
2053;186;4;6;569;2005-09-17;7350;243726
2054;131;20;6;434;2010-02-08;6695;193820.25
2055;86;8;4;474;2014-05-31;7434;344045.52
2056;66;22;7;427;2015-09-26;11145;182443.65
2057;198;15;2;319;2002-07-29;7411;152814.82
2058;80;26;1;426;2015-08-25;8474;179987.76
2059;222;19;8;155;2016-11-20;142;6994.92
2060;25;20;4;286;2016-10-29;4696;77484
2061;9;26;4;122;2018-10-20;7049;231982.59